/**
 * generated by fontconvert.py
 * name: bravura_23
 * size: 23
 * mode: 2-bit  compressed: true
 * Command used: ../lib/EpdFont/scripts/fontconvert.py bravura_23 23 fontsrc/Bravura.otf --2bit --compress --additional-intervals 0xE040,0xE04F --additional-intervals 0xE050,0xE063 --additional-intervals 0xE080,0xE09F --additional-intervals 0xE0A0,0xE0AA --additional-intervals 0xE1E7,0xE1E7 --additional-intervals 0xE240,0xE24F --additional-intervals 0xE260,0xE26F --additional-intervals 0xE4A0,0xE4BF --additional-intervals 0xE4C0,0xE4C4 --additional-intervals 0xE4E0,0xE4FF --additional-intervals 0xE520,0xE54F --additional-intervals 0xE560,0xE56F --additional-intervals 0xE880,0xE88F
 */
#pragma once
#include "EpdFontData.h"

static const uint8_t bravura_23Bitmaps[16459] = {
    0x03, 0x00, 0xB5, 0x92, 0x3D, 0x4E, 0xC3, 0x30, 0x18, 0x86, 0x5F, 0x3B, 0x52, 0x2D, 0x48, 0xA5,
    0x70, 0x00, 0x68, 0x0E, 0x00, 0x74, 0x62, 0x40, 0x22, 0x55, 0xBD, 0x71, 0x84, 0x0E, 0x2C, 0x1C,
    0x02, 0x09, 0x86, 0xB6, 0xF2, 0x6D, 0x58, 0x19, 0xA8, 0xC4, 0x80, 0x14, 0x8B, 0x85, 0x35, 0x4B,
    0xF7, 0x1C, 0xC1, 0x43, 0x86, 0x0E, 0x91, 0xCC, 0xF7, 0x53, 0xC1, 0x09, 0xB0, 0x14, 0x3D, 0x51,
    0x62, 0x47, 0xEF, 0xF3, 0xBD, 0xC1, 0x23, 0x80, 0x13, 0x60, 0x92, 0x88, 0x0D, 0xD0, 0x32, 0x3F,
    0x00, 0x93, 0xFE, 0xAE, 0x22, 0x2A, 0x4B, 0xAF, 0x9C, 0x41, 0xD9, 0x1C, 0x39, 0x28, 0x4D, 0xAF,
    0xE4, 0xED, 0xCC, 0x0A, 0x36, 0x32, 0xE7, 0x70, 0xC2, 0x35, 0xAA, 0x08, 0x3B, 0x20, 0xE1, 0x32,
    0x62, 0x99, 0xBF, 0x3A, 0x3C, 0xF3, 0x4E, 0x17, 0xF0, 0xCD, 0xAC, 0x50, 0xDC, 0x33, 0x17, 0x98,
    0x38, 0xE6, 0x0B, 0xA6, 0xC2, 0x84, 0x1B, 0x66, 0xD1, 0x61, 0xB7, 0xDA, 0x53, 0x88, 0x80, 0x9C,
    0x33, 0x50, 0xF3, 0xD1, 0xA8, 0x21, 0x98, 0xEF, 0xCC, 0x4E, 0x43, 0xB4, 0xA3, 0x86, 0xE0, 0xF5,
    0x9F, 0x7E, 0x6D, 0x2F, 0x7E, 0xCE, 0x6F, 0xC4, 0x6F, 0x4A, 0xA1, 0x6C, 0x42, 0x9A, 0xA1, 0xF2,
    0xEC, 0x57, 0x07, 0x09, 0x19, 0xAA, 0xB0, 0x14, 0x3F, 0x60, 0x23, 0x7E, 0xC0, 0x41, 0xFC, 0x60,
    0x7B, 0xF1, 0x63, 0x27, 0xF6, 0xA3, 0x49, 0xE9, 0xFD, 0x93, 0xF1, 0xEC, 0x67, 0x3A, 0x13, 0x38,
    0x84, 0x0B, 0xCE, 0xB3, 0x5F, 0x9D, 0xB3, 0xE7, 0x10, 0x4B, 0xE2, 0xAF, 0xDF, 0x71, 0x4D, 0xB2,
    0x86, 0xBF, 0x70, 0x2A, 0xD4, 0x98, 0x83, 0x08, 0x2D, 0x30, 0xCA, 0xAC, 0xAE, 0x98, 0x2C, 0xC4,
    0x36, 0x3C, 0x2B, 0xAB, 0xB3, 0xB2, 0x74, 0x4E, 0xBE, 0xB5, 0xEA, 0x29, 0x35, 0xBF, 0x1F, 0xC5,
    0xFF, 0x8C, 0xB2, 0x36, 0xF0, 0xF8, 0xC4, 0x16, 0x03, 0x6D, 0x18, 0xB1, 0xB5, 0x3D, 0xCD, 0xF9,
    0x0D, 0x63, 0x11, 0xA9, 0xC7, 0x5B, 0x3B, 0x54, 0xB8, 0x8B, 0x28, 0x73, 0x98, 0xE3, 0x55, 0xC2,
    0xAC, 0x8D, 0xF4, 0x88, 0xA4, 0x3D, 0xDA, 0xEE, 0x54, 0xFA, 0x73, 0xF1, 0xDC, 0x69, 0xBF, 0xD2,
    0x23, 0xAE, 0xB1, 0x7B, 0xD8, 0x8B, 0xBF, 0xF4, 0xC8, 0xFE, 0xFC, 0x9C, 0xF2, 0x08, 0xE9, 0x77,
    0x40, 0x19, 0x75, 0x5C, 0xD4, 0xA3, 0x8C, 0x8B, 0xD6, 0x0F, 0xED, 0xBD, 0x6F, 0xCC, 0xDD, 0x56,
    0x7A, 0x1F, 0x78, 0x48, 0x5A, 0xE2, 0x54, 0x1C, 0x89, 0x5A, 0xC0, 0x9E, 0x4C, 0x2D, 0x8D, 0x39,
    0x28, 0x06, 0x5B, 0x4F, 0x22, 0x8B, 0x46, 0x21, 0xA0, 0xCA, 0xCE, 0xAB, 0x97, 0x94, 0x0D, 0xAC,
    0x80, 0x75, 0x5B, 0x6B, 0x17, 0x76, 0x83, 0x8D, 0x3F, 0x78, 0x3E, 0xE4, 0x43, 0xE3, 0x41, 0x21,
    0x2D, 0xE0, 0xB6, 0x4A, 0x2B, 0x89, 0xF4, 0x68, 0x01, 0x03, 0x6B, 0x2C, 0x2C, 0x20, 0xC9, 0xF6,
    0x43, 0xB0, 0x1B, 0x15, 0x70, 0x17, 0x13, 0x19, 0xA9, 0x15, 0xAC, 0xDA, 0x55, 0x37, 0x92, 0x48,
    0x4B, 0xC0, 0xFA, 0x83, 0xB1, 0x08, 0x2D, 0x67, 0x62, 0xA0, 0xD3, 0x62, 0xE8, 0xB1, 0x27, 0x4E,
    0x32, 0x5B, 0x98, 0x9E, 0xD2, 0x1E, 0x4A, 0x22, 0x79, 0xF6, 0xF9, 0x3D, 0xCF, 0x39, 0xBC, 0xBC,
    0xF7, 0x7D, 0x5F, 0x59, 0x76, 0x3C, 0xC9, 0x4E, 0xE3, 0xFB, 0xBE, 0x97, 0x3C, 0xF7, 0xDE, 0xC3,
    0xC3, 0x73, 0x9E, 0xFF, 0xCF, 0x39, 0xCF, 0x79, 0x78, 0xFE, 0xDC, 0x83, 0x4A, 0xE9, 0x66, 0xED,
    0x33, 0x3C, 0x44, 0x39, 0x1D, 0x92, 0x6A, 0x3A, 0x94, 0x74, 0xD8, 0x91, 0xFE, 0xF4, 0xAF, 0xBD,
    0xAB, 0x83, 0xBC, 0xFC, 0xC3, 0xBA, 0xFE, 0x6C, 0x0E, 0x5F, 0xC7, 0xA1, 0x38, 0x42, 0x07, 0xFD,
    0x1A, 0x4A, 0xCF, 0xD3, 0x61, 0xFD, 0x2F, 0xE0, 0xDA, 0x4F, 0x76, 0x98, 0x8F, 0xFB, 0xE0, 0x5F,
    0xFC, 0xF9, 0xEB, 0xE6, 0xCC, 0x63, 0x3D, 0x18, 0x2B, 0x1E, 0xEE, 0xC1, 0xAC, 0xE4, 0x11, 0x1F,
    0x2C, 0x4A, 0x1E, 0x34, 0x7D, 0x96, 0xFA, 0xF7, 0xFF, 0xFF, 0xAE, 0xFD, 0xCF, 0xEA, 0xBC, 0xAE,
    0x74, 0xAE, 0xF3, 0x22, 0xFD, 0xBA, 0x5A, 0x7E, 0x2D, 0xBE, 0xFF, 0xBA, 0x2A, 0x52, 0x94, 0xD7,
    0xA7, 0xDF, 0x9C, 0xA3, 0x74, 0xC8, 0xB4, 0x1E, 0x53, 0x3A, 0x17, 0xFA, 0x71, 0xA5, 0xBE, 0xA5,
    0xFF, 0xAC, 0xE8, 0xA8, 0xCD, 0x7A, 0x8F, 0x4E, 0x95, 0xAB, 0xCB, 0x60, 0x54, 0x2A, 0xCC, 0x1D,
    0xFA, 0xE0, 0xE8, 0xDC, 0xD5, 0xB9, 0x4A, 0x94, 0x4A, 0xF8, 0x83, 0xD2, 0x15, 0x4A, 0x91, 0x7C,
    0x28, 0x1A, 0x95, 0x94, 0x2A, 0x94, 0x0F, 0x19, 0x7D, 0xB8, 0xA9, 0x3C, 0xF9, 0x90, 0x74, 0x2A,
    0xD1, 0x37, 0x71, 0x33, 0xF9, 0x10, 0x6B, 0xDD, 0x98, 0x0F, 0xBD, 0x0A, 0xE9, 0xDE, 0xD3, 0x2F,
    0x9E, 0xD6, 0x7A, 0xBA, 0x86, 0xBA, 0xA3, 0x4B, 0xFB, 0xE1, 0xAB, 0xDB, 0xED, 0x07, 0x6A, 0xFA,
    0x24, 0x15, 0x2A, 0x7B, 0xD3, 0x53, 0x4A, 0xC5, 0x95, 0xE9, 0x4E, 0x9A, 0x51, 0x5F, 0xAB, 0xDD,
    0xDC, 0xD1, 0xE7, 0xBB, 0x2C, 0x57, 0xE1, 0xB5, 0xDE, 0xC1, 0x10, 0xC2, 0x3E, 0xAB, 0x55, 0xF4,
    0xFC, 0xF8, 0x0C, 0x0D, 0xAE, 0x0D, 0x87, 0x6C, 0x50, 0x49, 0xA0, 0x79, 0xD8, 0x41, 0x7F, 0x22,
    0xF9, 0xB3, 0xCE, 0x1B, 0x19, 0x1A, 0x6E, 0xAB, 0xB6, 0x8F, 0xB9, 0xD3, 0x4D, 0xE0, 0x79, 0x52,
    0xED, 0x9E, 0xA0, 0x13, 0xEB, 0x0F, 0x1B, 0x0B, 0x1D, 0x57, 0x1F, 0xA6, 0x5B, 0x03, 0x3A, 0x5A,
    0xA9, 0xA0, 0x53, 0x51, 0x23, 0xD0, 0x29, 0x55, 0xDC, 0x28, 0xBF, 0xB1, 0xD0, 0xA1, 0x9B, 0xBA,
    0x8D, 0xED, 0x28, 0xFD, 0xA8, 0xE4, 0x43, 0xD6, 0x3A, 0x8B, 0x0F, 0x49, 0x87, 0xCB, 0xD4, 0x71,
    0xF3, 0xC1, 0xC3, 0x07, 0x0B, 0x9D, 0xF9, 0x07, 0xFA, 0x25, 0x9F, 0x7F, 0x28, 0x37, 0xFD, 0x90,
    0x35, 0xDC, 0xDA, 0xB3, 0xE6, 0xA6, 0x7C, 0x9F, 0x8B, 0x16, 0x3A, 0xD4, 0x23, 0xD5, 0x4C, 0xD0,
    0xA1, 0xFE, 0xBF, 0xD3, 0xBB, 0x02, 0x9D, 0xB8, 0x53, 0xFE, 0x6B, 0xE3, 0xB7, 0x04, 0x3A, 0x84,
    0xF1, 0x78, 0x82, 0x8E, 0xA3, 0xF5, 0x0C, 0x3A, 0x7B, 0xC6, 0xB3, 0x06, 0x3A, 0xDB, 0x95, 0xDA,
    0x46, 0x50, 0x21, 0xE4, 0x67, 0x23, 0x08, 0xC2, 0x05, 0x7E, 0x32, 0x15, 0x68, 0x92, 0x07, 0xBD,
    0x8A, 0xCE, 0xE8, 0xC6, 0x25, 0xB4, 0xBB, 0xBA, 0xF1, 0x1A, 0x75, 0x9A, 0x84, 0x63, 0x50, 0xAB,
    0xAB, 0xAA, 0xA8, 0xC3, 0x52, 0x15, 0x74, 0x11, 0x91, 0x0D, 0x21, 0x9A, 0xEA, 0xAB, 0x82, 0xFA,
    0xD4, 0xDF, 0xA3, 0x08, 0x23, 0x0E, 0x21, 0x2C, 0xD1, 0xB9, 0xD7, 0xE8, 0x32, 0xD6, 0x43, 0x50,
    0xEB, 0x8A, 0x68, 0xE3, 0xFD, 0x52, 0x97, 0xA0, 0x8A, 0x32, 0x66, 0x7A, 0x68, 0x19, 0x0F, 0xA0,
    0x18, 0xE5, 0xE3, 0x5B, 0x65, 0xBE, 0xF5, 0xAB, 0x48, 0xEB, 0x41, 0x45, 0x2D, 0x5D, 0xA2, 0x55,
    0xDC, 0xC5, 0x47, 0x70, 0x49, 0x97, 0x50, 0xE5, 0x3A, 0x6C, 0x06, 0xC2, 0x54, 0xE3, 0x1C, 0xEE,
    0x15, 0x88, 0x87, 0xFA, 0xA3, 0x42, 0xBA, 0xA2, 0xDE, 0x7E, 0xD6, 0x6F, 0x55, 0x58, 0x26, 0xE8,
    0x61, 0x9C, 0x17, 0x1D, 0x61, 0x2A, 0x51, 0xBA, 0x73, 0x6B, 0x75, 0x45, 0x15, 0xBD, 0x57, 0xD2,
    0x30, 0xB2, 0x3E, 0x4C, 0xBD, 0x96, 0x1A, 0x19, 0x80, 0xD4, 0x80, 0x6F, 0xA4, 0x9C, 0x82, 0xF8,
    0x22, 0x55, 0x9B, 0xBE, 0xBC, 0xF2, 0x33, 0x2A, 0x57, 0x0B, 0x0E, 0x2D, 0xC6, 0xE9, 0x66, 0x34,
    0x74, 0x4B, 0x9B, 0x8E, 0xBE, 0xFD, 0xBE, 0x36, 0x3F, 0x04, 0xA3, 0x57, 0x16, 0x46, 0x0C, 0xC7,
    0xAD, 0x57, 0x46, 0xA6, 0x52, 0x51, 0x7B, 0xA5, 0x3F, 0x9A, 0xEA, 0xA5, 0x47, 0x80, 0xE4, 0x0B,
    0x3C, 0x94, 0x5D, 0xA1, 0x99, 0x80, 0x00, 0x5E, 0x3A, 0xE0, 0x47, 0x82, 0x8A, 0x4E, 0xA9, 0x0F,
    0x0C, 0x63, 0xBA, 0x13, 0x97, 0x7B, 0x94, 0x13, 0xAD, 0xA6, 0x72, 0x26, 0xE5, 0x81, 0x9B, 0x97,
    0xF2, 0x38, 0x2B, 0x6B, 0x94, 0x35, 0x97, 0xE9, 0x1B, 0xB5, 0xED, 0x49, 0xAD, 0x9F, 0xFC, 0xA5,
    0xEF, 0xE2, 0x78, 0x34, 0xD1, 0xD3, 0xAB, 0x9B, 0x97, 0xE7, 0xF5, 0x6D, 0x59, 0xDA, 0x99, 0xB7,
    0x99, 0x49, 0x7F, 0x46, 0xE9, 0x4F, 0x3A, 0xF5, 0x21, 0x99, 0xF5, 0x33, 0xC2, 0x58, 0x94, 0x40,
    0x28, 0x9C, 0x8D, 0xCB, 0x97, 0xF1, 0xD6, 0xD3, 0xD8, 0x0D, 0xBF, 0x28, 0x0D, 0xF8, 0x18, 0x20,
    0x66, 0x8D, 0x57, 0x86, 0x02, 0x2B, 0x15, 0x75, 0x1E, 0x11, 0x8F, 0xD1, 0x69, 0x33, 0xD8, 0x2A,
    0xFD, 0xDE, 0x8F, 0xB4, 0xC5, 0x45, 0x24, 0xD4, 0x28, 0xAF, 0x57, 0x16, 0x38, 0xFA, 0xEC, 0x68,
    0x60, 0x56, 0x76, 0x66, 0xCD, 0x4F, 0x45, 0xBF, 0xFC, 0x73, 0x97, 0x3C, 0x41, 0x42, 0x2E, 0xEC,
    0x64, 0x4B, 0xDF, 0x7D, 0xEA, 0xBB, 0x4F, 0x4B, 0xA9, 0xF4, 0x49, 0xC2, 0xFD, 0xE5, 0x95, 0xEE,
    0x7B, 0x0A, 0x7D, 0xA1, 0xC3, 0x13, 0x13, 0xBD, 0x0C, 0x53, 0xA9, 0xFF, 0xCB, 0xEF, 0xDF, 0x52,
    0x69, 0x01, 0x35, 0x0B, 0xC9, 0x05, 0x74, 0xFF, 0x9C, 0xD8, 0xF2, 0xF2, 0x55, 0x41, 0xF3, 0x04,
    0xF3, 0xE8, 0xBB, 0xC4, 0xD7, 0xC4, 0x1F, 0x7E, 0x1D, 0xEB, 0x32, 0xCC, 0x3D, 0x5D, 0xC7, 0xA9,
    0xA3, 0x6B, 0x12, 0xAE, 0x45, 0x45, 0xBA, 0x38, 0x21, 0xD9, 0x06, 0x16, 0x19, 0xB8, 0x6E, 0x0E,
    0xA6, 0x68, 0xC1, 0xF1, 0x44, 0xF1, 0x1E, 0xC4, 0xB4, 0x07, 0x91, 0x09, 0x81, 0x99, 0xC7, 0xDF,
    0xA6, 0xCF, 0xEB, 0x54, 0xA9, 0xBB, 0x4A, 0xA2, 0xB2, 0x27, 0x01, 0x17, 0x0F, 0x44, 0xF4, 0x5E,
    0x4F, 0x62, 0x59, 0xF5, 0x09, 0xE9, 0x8D, 0x3E, 0xA2, 0xBA, 0x90, 0xAE, 0xEF, 0x35, 0xB8, 0xA2,
    0x8C, 0x70, 0xD9, 0x3A, 0x1D, 0xAB, 0x93, 0xD4, 0x85, 0xE6, 0x12, 0xB1, 0x43, 0xDB, 0x53, 0x6F,
    0x3A, 0x6A, 0x3C, 0xEA, 0xF9, 0xDA, 0x04, 0x22, 0x3D, 0xA6, 0x6B, 0xE9, 0xB2, 0xC1, 0x6D, 0x3C,
    0x08, 0x73, 0x48, 0xEB, 0x14, 0xAC, 0x03, 0x15, 0x8A, 0x2E, 0xE1, 0x77, 0x82, 0x18, 0xFA, 0xC9,
    0x87, 0xA4, 0x0D, 0x1A, 0x12, 0xCF, 0x21, 0x21, 0xB7, 0x89, 0x06, 0x12, 0xD6, 0x21, 0x09, 0x81,
    0xDA, 0xD7, 0x79, 0x00, 0x0E, 0x8E, 0x21, 0x08, 0x88, 0x31, 0x9D, 0xF3, 0xE9, 0x32, 0x0C, 0x46,
    0x15, 0x00, 0x06, 0x11, 0xC1, 0xA0, 0xB2, 0x30, 0xD0, 0x0C, 0x83, 0x3C, 0x69, 0x0E, 0x53, 0xB3,
    0xE3, 0x75, 0xD4, 0xBD, 0x0E, 0xB6, 0xBD, 0xBD, 0x39, 0x0C, 0x92, 0x47, 0xE9, 0xF3, 0x69, 0x6A,
    0xAB, 0xBD, 0xEA, 0xBC, 0xA6, 0x7B, 0x7D, 0xF8, 0xFA, 0xB1, 0xBE, 0x78, 0xFB, 0x3A, 0xC1, 0x80,
    0x2E, 0x23, 0x18, 0xBC, 0x03, 0x18, 0xE8, 0x14, 0x30, 0xF8, 0x51, 0xBD, 0x0C, 0x83, 0xF2, 0xA4,
    0x0B, 0x18, 0x38, 0xDF, 0x27, 0x18, 0x38, 0xD7, 0x09, 0x06, 0xCE, 0xF5, 0xA7, 0xA7, 0x6B, 0x01,
    0x83, 0xF7, 0x18, 0x74, 0x8F, 0x6C, 0x80, 0x81, 0x27, 0xE6, 0x0E, 0x2C, 0x9B, 0xD7, 0xA9, 0x33,
    0x74, 0x2D, 0xC1, 0xE0, 0xDB, 0x71, 0xC3, 0x30, 0x20, 0x29, 0x3E, 0x87, 0x41, 0xB0, 0x02, 0x83,
    0xED, 0x04, 0x83, 0x27, 0x8F, 0xDE, 0xFB, 0x33, 0xE7, 0x40, 0x19, 0x81, 0x46, 0x7D, 0xFF, 0x44,
    0x4E, 0x06, 0x1B, 0xD9, 0xFA, 0x79, 0x7B, 0x60, 0x5B, 0xFC, 0xEB, 0x7F, 0x01, 0xD7, 0x6E, 0xE2,
    0xE6, 0x90, 0x4D, 0x68, 0x5E, 0x97, 0x2D, 0x7F, 0x5A, 0xAD, 0x10, 0x18, 0x66, 0x27, 0xF4, 0x1A,
    0xE6, 0x4D, 0xEC, 0x85, 0x85, 0x28, 0x23, 0xA8, 0xB8, 0xD6, 0xA8, 0xE4, 0xE7, 0x44, 0xC7, 0x90,
    0x79, 0x25, 0x70, 0xF1, 0x3A, 0x53, 0x20, 0x63, 0x63, 0x9F, 0xB4, 0x57, 0xAB, 0x87, 0xA4, 0x50,
    0xAA, 0x43, 0x5C, 0x08, 0xA7, 0x42, 0x0E, 0xD3, 0x17, 0x85, 0x54, 0xF5, 0xA6, 0xE0, 0x98, 0x02,
    0x71, 0x9F, 0x29, 0x04, 0x9D, 0x29, 0xC4, 0xAD, 0x29, 0x64, 0xD2, 0x8D, 0xC0, 0x31, 0x1D, 0x0B,
    0x1E, 0x33, 0x5D, 0x0D, 0x5E, 0xB1, 0x92, 0x4A, 0x6B, 0x3B, 0x9A, 0xDE, 0xDA, 0x1D, 0xDD, 0xF2,
    0x20, 0x3C, 0x6D, 0x2E, 0x0A, 0x6D, 0xDD, 0xC4, 0xD6, 0xD5, 0x8B, 0x2A, 0x8D, 0xA9, 0x32, 0x5C,
    0x30, 0x55, 0x9A, 0x8B, 0xA6, 0x95, 0xF2, 0x84, 0x40, 0xC0, 0x8C, 0xDC, 0xD3, 0x66, 0xE4, 0x3E,
    0x75, 0x6A, 0xCD, 0xE8, 0x6F, 0x19, 0x79, 0x44, 0xED, 0x67, 0xD0, 0xAE, 0xE4, 0x2B, 0x78, 0x0C,
    0xBA, 0x04, 0x06, 0x19, 0x6E, 0x4B, 0x23, 0x29, 0xD8, 0x08, 0x2C, 0x2A, 0x17, 0x72, 0x16, 0x26,
    0xB6, 0x27, 0x36, 0x85, 0x4E, 0x89, 0xC5, 0xDF, 0xA7, 0x2E, 0xE9, 0x34, 0xD4, 0x47, 0xF2, 0x62,
    0x50, 0x5A, 0x85, 0xA4, 0xD5, 0xA3, 0x91, 0x0A, 0x51, 0x03, 0xB5, 0x8F, 0x02, 0xDB, 0x02, 0x64,
    0x90, 0x86, 0xA5, 0x5B, 0x39, 0x9A, 0xCC, 0x51, 0x2A, 0xD4, 0xF4, 0x43, 0x42, 0xF0, 0x76, 0x50,
    0x88, 0x53, 0xB2, 0xC4, 0x1A, 0x5C, 0x5C, 0x92, 0x79, 0xD8, 0xA8, 0x41, 0x05, 0x95, 0xBA, 0x44,
    0x85, 0x1E, 0x76, 0x64, 0x94, 0x5E, 0x24, 0x23, 0x97, 0xCA, 0x4E, 0x7E, 0x89, 0x50, 0x06, 0xCF,
    0x48, 0x9D, 0x88, 0x08, 0x30, 0x21, 0x81, 0x76, 0xAD, 0xC0, 0x08, 0xA9, 0xE7, 0x89, 0x31, 0xA8,
    0xDE, 0x37, 0xE0, 0xFD, 0x96, 0xBE, 0x6A, 0xE9, 0xE7, 0x81, 0xC9, 0x98, 0xB0, 0x85, 0x70, 0x63,
    0xC1, 0xEA, 0xFB, 0x80, 0x0B, 0xF7, 0x9F, 0x55, 0x01, 0xB7, 0x43, 0x6E, 0x88, 0x8F, 0x82, 0x0B,
    0xE3, 0xB4, 0x14, 0x80, 0x4B, 0xC1, 0xB7, 0x85, 0x00, 0x85, 0xDC, 0x14, 0xF8, 0x2A, 0x1F, 0xD2,
    0x2E, 0xE5, 0xCA, 0xBD, 0xDC, 0x82, 0x04, 0xA6, 0x12, 0x77, 0x70, 0x54, 0x86, 0x8E, 0xB2, 0x74,
    0x8F, 0xA1, 0x11, 0x6D, 0x2D, 0xCC, 0x67, 0x7E, 0xE3, 0x73, 0xE2, 0xFF, 0x9C, 0xF8, 0xFF, 0x73,
    0x20, 0x7E, 0xB5, 0x4A, 0xFC, 0x6B, 0x96, 0xF8, 0x5B, 0x4B, 0xFC, 0x86, 0x22, 0xF4, 0x4D, 0x21,
    0x75, 0xEF, 0x23, 0x83, 0x4B, 0x72, 0x49, 0x65, 0x10, 0xF1, 0x1B, 0x86, 0xD0, 0x5F, 0xBE, 0x6E,
    0xBA, 0xF7, 0xF8, 0x19, 0xE3, 0x3A, 0x84, 0x47, 0x82, 0xD2, 0x0C, 0xCA, 0x98, 0x6F, 0xEB, 0x3B,
    0xCD, 0x37, 0x87, 0xF6, 0x87, 0x72, 0xD9, 0xC9, 0x7D, 0xB1, 0x21, 0x92, 0xFF, 0xA6, 0xFD, 0x9C,
    0xAD, 0x3E, 0x67, 0xAB, 0x9F, 0x3D, 0xB6, 0x2A, 0x3F, 0x8D, 0x4E, 0xA9, 0x57, 0x74, 0xCA, 0x31,
    0x83, 0x5C, 0xF5, 0x90, 0xED, 0xD7, 0x5A, 0x60, 0x67, 0x2C, 0xED, 0x37, 0x89, 0xAD, 0x93, 0x18,
    0x42, 0x77, 0x7E, 0xD0, 0x5B, 0xEF, 0xF8, 0xB2, 0x2D, 0x9C, 0x94, 0x82, 0x5B, 0x5E, 0x34, 0x95,
    0x7F, 0x7F, 0xE1, 0x2E, 0x45, 0x96, 0xC3, 0x4E, 0xEC, 0x33, 0x85, 0xF6, 0x2B, 0xA6, 0xD0, 0x5B,
    0x63, 0xB4, 0xB0, 0x75, 0x0A, 0x33, 0xEB, 0xE2, 0xBD, 0x6E, 0xEE, 0x16, 0x3C, 0xD2, 0x58, 0xC8,
    0xD9, 0x6F, 0x0E, 0x1B, 0xD6, 0x73, 0xDF, 0xB7, 0x30, 0xEC, 0x57, 0x19, 0x36, 0xB4, 0x0C, 0x1B,
    0x5B, 0x86, 0xCD, 0x2C, 0xC3, 0xEA, 0x55, 0x86, 0x75, 0x75, 0x7E, 0x49, 0xAE, 0x1E, 0x7E, 0x7A,
    0x0C, 0x1B, 0x6E, 0x60, 0xD8, 0xC2, 0x30, 0xAC, 0xBB, 0xCA, 0xB0, 0xFE, 0x2B, 0x06, 0x3D, 0x9B,
    0x31, 0x6C, 0xBB, 0x81, 0x1B, 0x57, 0x18, 0x36, 0xFB, 0x9C, 0x61, 0xFF, 0x6A, 0x18, 0x81, 0x47,
    0x77, 0xDF, 0x23, 0xF8, 0x6D, 0x0C, 0xF3, 0x84, 0x8D, 0xD5, 0x8D, 0xB5, 0xA1, 0xF9, 0x7F, 0x72,
    0xCD, 0x70, 0xC1, 0x63, 0xD7, 0x4D, 0x03, 0xE1, 0x99, 0x23, 0x86, 0x5E, 0x52, 0x33, 0xBF, 0x19,
    0x07, 0x66, 0x92, 0x6B, 0x3D, 0x32, 0x4A, 0xF2, 0xD4, 0xCE, 0xC8, 0xF0, 0xC5, 0x79, 0x3B, 0xD3,
    0x39, 0xDC, 0x81, 0xBF, 0xAA, 0x15, 0x85, 0xF8, 0x39, 0x7F, 0x7D, 0xCE, 0x5F, 0xFF, 0xB9, 0x38,
    0x59, 0xCE, 0xDC, 0x22, 0x0C, 0xCB, 0x19, 0x13, 0x58, 0x65, 0xC8, 0x96, 0xA1, 0xA5, 0x1A, 0x58,
    0x87, 0xAE, 0xA5, 0x8F, 0x84, 0xA7, 0xB6, 0xC6, 0x85, 0x81, 0x35, 0x91, 0x10, 0xB0, 0x1B, 0x9A,
    0x5B, 0xB2, 0xB5, 0x18, 0x77, 0x51, 0x3E, 0x59, 0x8C, 0x49, 0x25, 0x56, 0x2B, 0x33, 0x49, 0x92,
    0x0B, 0x77, 0x32, 0xA3, 0x64, 0x66, 0x3E, 0x9A, 0x99, 0xE5, 0x8A, 0xFD, 0x00, 0x3E, 0xE9, 0xCD,
    0x87, 0xD0, 0x7C, 0xA8, 0x26, 0xC6, 0xE9, 0x8C, 0x0D, 0xCC, 0xCC, 0xD3, 0x9A, 0x31, 0x30, 0x03,
    0x11, 0x5A, 0xCB, 0x89, 0x89, 0x78, 0xE1, 0xD0, 0x5A, 0x96, 0x44, 0x07, 0xF9, 0xC4, 0x4C, 0x8D,
    0xAB, 0x17, 0x16, 0x66, 0x13, 0xE8, 0x85, 0x95, 0xD9, 0xC4, 0xC3, 0x82, 0xB1, 0x9A, 0xA2, 0x5F,
    0x58, 0x9B, 0xFF, 0xC6, 0x00, 0x84, 0x19, 0x2C, 0xB3, 0xA6, 0x3B, 0x00, 0x53, 0x18, 0x76, 0x82,
    0xE5, 0xE9, 0x5A, 0xA8, 0x0B, 0x70, 0xC6, 0x05, 0xC3, 0x59, 0xA3, 0x93, 0x21, 0x66, 0xD9, 0x2B,
    0xE1, 0xD9, 0x66, 0xBB, 0x6C, 0x40, 0x5F, 0x46, 0x06, 0x9E, 0xCC, 0x80, 0x89, 0xF9, 0xC0, 0x4C,
    0xA8, 0xF5, 0xF7, 0x27, 0x46, 0xA4, 0x5F, 0x85, 0xA0, 0xC0, 0x8C, 0x81, 0xEE, 0xFC, 0xD4, 0x32,
    0x64, 0xA4, 0x6B, 0x26, 0x1A, 0x66, 0xCA, 0x44, 0x0B, 0xA4, 0x99, 0x31, 0x8B, 0x51, 0xE0, 0xC9,
    0xCC, 0x49, 0xBF, 0xF2, 0x07, 0x66, 0x50, 0xCC, 0x43, 0xE9, 0x77, 0x17, 0x4C, 0x9A, 0x61, 0x0C,
    0x86, 0x51, 0xC1, 0x9B, 0xB5, 0x65, 0xD6, 0xD7, 0x79, 0x76, 0xDC, 0x30, 0x2C, 0x5E, 0xA3, 0x65,
    0x5A, 0x7E, 0xA5, 0xCC, 0xB8, 0xFC, 0x3D, 0x0D, 0x09, 0xCC, 0xFB, 0x78, 0x53, 0xE8, 0x77, 0x4F,
    0x84, 0xBA, 0x02, 0x03, 0x87, 0x4D, 0xA4, 0xF3, 0x13, 0x24, 0xB9, 0xC0, 0xC4, 0x61, 0x43, 0x4C,
    0xBC, 0x46, 0xF2, 0x0C, 0x8C, 0x1C, 0xD6, 0x1E, 0x3E, 0x24, 0x0D, 0x98, 0x39, 0xA8, 0x1D, 0x7C,
    0x88, 0x1A, 0x30, 0xB4, 0x0F, 0xF6, 0x7D, 0x88, 0xB4, 0x00, 0x98, 0xDA, 0xC3, 0x87, 0x07, 0xE8,
    0x03, 0x18, 0xDB, 0x6B, 0x21, 0x03, 0x88, 0x59, 0xC1, 0xDC, 0x4E, 0x07, 0x2E, 0x57, 0x61, 0xC5,
    0x0C, 0x4E, 0x82, 0x23, 0x0F, 0x21, 0x1F, 0xC0, 0xE4, 0x85, 0x7B, 0xAB, 0x0D, 0xB1, 0x2E, 0x08,
    0x46, 0x2F, 0x5E, 0x6B, 0xEE, 0x0D, 0xD2, 0xD3, 0xC2, 0xEC, 0x19, 0x81, 0xDD, 0x87, 0x5B, 0x03,
    0x86, 0x3F, 0x44, 0x80, 0xF0, 0x5F, 0xAF, 0x0D, 0xD3, 0x13, 0x10, 0x64, 0x4D, 0x0B, 0x8C, 0xFF,
    0x1C, 0x0D, 0xA7, 0x9B, 0x98, 0x7F, 0xBB, 0xBE, 0x5D, 0xCD, 0x04, 0x80, 0x5B, 0xCF, 0x84, 0x80,
    0x53, 0xCF, 0xF8, 0xDF, 0x69, 0xE6, 0xC2, 0xA0, 0x99, 0x0B, 0x84, 0x66, 0x2E, 0x14, 0x5A, 0x2B,
    0x18, 0x9E, 0xFB, 0x0E, 0x96, 0x54, 0x8D, 0x70, 0x78, 0x91, 0x6E, 0x7F, 0xC9, 0x0A, 0x08, 0x10,
    0xC8, 0x09, 0x2B, 0x24, 0x80, 0x8F, 0x13, 0x56, 0x50, 0x80, 0x4A, 0x4E, 0x58, 0x61, 0x81, 0x0F,
    0x97, 0xAC, 0xC0, 0x40, 0xB5, 0x8B, 0x56, 0x68, 0x68, 0x5D, 0xF1, 0x4D, 0x59, 0x70, 0x64, 0x3A,
    0x77, 0x1A, 0x2B, 0x3C, 0x92, 0xC1, 0x30, 0x16, 0x04, 0x48, 0x58, 0x29, 0x71, 0x25, 0x21, 0x44,
    0xFC, 0xD6, 0xB9, 0xBA, 0x10, 0x24, 0xD3, 0xA2, 0xD4, 0x33, 0xE7, 0x94, 0xDA, 0xFE, 0x3B, 0xE9,
    0x06, 0xF7, 0x72, 0xE1, 0x60, 0xCE, 0x34, 0xEA, 0xCC, 0xC9, 0x9C, 0xB9, 0x99, 0x33, 0xBD, 0x3A,
    0x73, 0x35, 0x17, 0xBA, 0x75, 0xE6, 0x6E, 0x5A, 0x87, 0xD3, 0x59, 0x68, 0x58, 0xA6, 0x75, 0xD1,
    0xB1, 0x5C, 0x14, 0x2D, 0x2B, 0x45, 0x56, 0xAF, 0x5C, 0x0C, 0x67, 0x45, 0xD6, 0xB5, 0x52, 0x64,
    0x6D, 0x6B, 0x8A, 0xCE, 0x54, 0x64, 0x8D, 0x6B, 0x8A, 0xD0, 0xB9, 0xA6, 0x08, 0xAD, 0x6B, 0x8A,
    0xD0, 0xBB, 0x72, 0x0B, 0x97, 0x17, 0x16, 0xD2, 0x49, 0xF7, 0x4A, 0x77, 0x0A, 0x50, 0x8B, 0x14,
    0x99, 0x67, 0xE5, 0x32, 0xE6, 0x78, 0x2E, 0x26, 0x3C, 0x34, 0x2E, 0x6A, 0x1E, 0x3B, 0x50, 0xEF,
    0x61, 0xA5, 0x22, 0x62, 0x81, 0x11, 0x41, 0x52, 0xC4, 0x5C, 0x64, 0x5D, 0x1C, 0x9B, 0x09, 0xFC,
    0xC6, 0x14, 0x19, 0xB7, 0x6A, 0xDB, 0x93, 0x4F, 0x72, 0xAB, 0x17, 0x27, 0x30, 0x36, 0x17, 0x27,
    0x30, 0xE6, 0x27, 0xA4, 0x82, 0xD1, 0xCB, 0xB8, 0xCC, 0x68, 0x66, 0x14, 0x03, 0xD1, 0xCD, 0x28,
    0x1A, 0xED, 0x8C, 0x1B, 0x4F, 0xFA, 0x39, 0x48, 0x13, 0x16, 0x44, 0x3C, 0xE2, 0x49, 0x47, 0xFB,
    0xE9, 0xA4, 0xA5, 0xFD, 0x74, 0xD2, 0xD3, 0x7E, 0x3A, 0x69, 0x6A, 0x3F, 0x9D, 0x74, 0x35, 0x8A,
    0x46, 0x5B, 0x53, 0xD1, 0xEA, 0x6B, 0x14, 0x8D, 0xC6, 0xE6, 0xA2, 0xE8, 0x6C, 0x6A, 0xCC, 0x6A,
    0x6D, 0xBA, 0x85, 0xD5, 0xDB, 0x74, 0x63, 0xAB, 0xB9, 0xFD, 0xD4, 0xE8, 0x6E, 0xB4, 0x30, 0x69,
    0x6F, 0x3F, 0x25, 0xF6, 0xBE, 0xCC, 0xFA, 0xDB, 0x4F, 0x27, 0x0D, 0xEE, 0xA7, 0x93, 0x0E, 0xA7,
    0xA2, 0xD5, 0xE2, 0xEE, 0x4C, 0x8F, 0xCF, 0x35, 0xF9, 0x5C, 0x97, 0x2F, 0x69, 0xF3, 0x99, 0x3E,
    0x9F, 0x69, 0xF4, 0x99, 0x2A, 0x5F, 0x2E, 0x2E, 0xD6, 0x4D, 0x03, 0x53, 0x9C, 0x74, 0xFB, 0x42,
    0xBB, 0xCF, 0xF4, 0xFB, 0x4C, 0xC3, 0xCF, 0x74, 0xFC, 0x4C, 0xCB, 0xCF, 0xF4, 0xFC, 0x4C, 0xD3,
    0xCF, 0x74, 0xFD, 0x5C, 0xDB, 0xCF, 0xF4, 0xFD, 0x4C, 0xE3, 0xCF, 0x75, 0xFE, 0x92, 0xD6, 0x57,
    0xEA, 0x80, 0xE1, 0x2B, 0x63, 0xF3, 0xFA, 0x7A, 0xD9, 0xE2, 0x4D, 0x0C, 0x6B, 0x5A, 0x7F, 0xD2,
    0xA8, 0x27, 0x47, 0xDF, 0x6E, 0x64, 0x14, 0x8A, 0xD9, 0x91, 0xD8, 0x84, 0x7D, 0x62, 0x92, 0xBD,
    0x6B, 0x46, 0x81, 0xF3, 0x39, 0x30, 0xB3, 0x5D, 0xC4, 0x7F, 0x6B, 0x46, 0x63, 0x9F, 0x34, 0xCA,
    0xBA, 0x9F, 0xDB, 0xB6, 0xD6, 0xB4, 0xB5, 0x53, 0x3D, 0xA1, 0x71, 0xA3, 0xED, 0x44, 0x4F, 0x68,
    0xE6, 0x79, 0x02, 0xDF, 0x04, 0x11, 0xC4, 0xD2, 0x3F, 0x6B, 0xD3, 0xFA, 0x46, 0x9F, 0x86, 0x46,
    0x95, 0x66, 0xB6, 0x9B, 0x62, 0xAF, 0xFB, 0x66, 0xF4, 0xB1, 0xA9, 0x56, 0x88, 0xD8, 0x76, 0xB4,
    0x5D, 0xAE, 0x97, 0x73, 0xA4, 0xBB, 0x46, 0x06, 0x5D, 0x5D, 0x94, 0xC1, 0xA6, 0xCF, 0x72, 0xB5,
    0xDE, 0x08, 0x59, 0x19, 0x55, 0x60, 0xE6, 0xF0, 0x42, 0x6A, 0x74, 0xFD, 0x25, 0x6A, 0x75, 0x90,
    0x1B, 0x49, 0x6C, 0x51, 0xCF, 0xA1, 0x48, 0x50, 0x7A, 0x05, 0x11, 0x2C, 0x58, 0xA4, 0x28, 0x85,
    0x3F, 0x74, 0xC9, 0x0B, 0xB5, 0x1D, 0xD8, 0xE1, 0xB7, 0xFE, 0x6B, 0xDD, 0x13, 0x2F, 0xF4, 0x7E,
    0x9E, 0x0D, 0x60, 0x04, 0x3F, 0x0F, 0xC7, 0x82, 0xB9, 0xC0, 0xD7, 0x60, 0x01, 0x84, 0x0F, 0x10,
    0xFD, 0xE7, 0x1E, 0xB1, 0x42, 0xC2, 0x2C, 0xA1, 0xE8, 0xEC, 0x83, 0x09, 0xC6, 0x28, 0xF5, 0x6A,
    0x92, 0xD3, 0x03, 0x01, 0x93, 0x0C, 0x16, 0xA7, 0xF7, 0x2B, 0x12, 0x63, 0x8D, 0x8B, 0x70, 0x92,
    0x20, 0x6D, 0x89, 0xFC, 0xAF, 0x50, 0xE7, 0x2E, 0x11, 0xE8, 0x63, 0x82, 0xD1, 0x89, 0x98, 0x64,
    0x04, 0xC1, 0xF2, 0x14, 0x10, 0x5C, 0xFC, 0x21, 0x02, 0x84, 0x98, 0x1A, 0x04, 0x20, 0xF7, 0xFF,
    0xAB, 0x2B, 0x86, 0x0E, 0xF6, 0xAF, 0xD0, 0x7A, 0xB4, 0x42, 0xDA, 0xE1, 0x9C, 0xBE, 0xB3, 0x8A,
    0x89, 0xDB, 0x25, 0x30, 0x06, 0xBC, 0xEA, 0x3C, 0x30, 0xA9, 0x06, 0x04, 0x5E, 0x3F, 0x17, 0x43,
    0x26, 0xE0, 0xF3, 0xC8, 0xF5, 0x02, 0x43, 0xB4, 0x81, 0xA1, 0x58, 0x8F, 0x90, 0x89, 0xFB, 0xB9,
    0x83, 0xD1, 0x0D, 0x23, 0x82, 0x96, 0x80, 0x9F, 0xB1, 0x60, 0xB4, 0xEE, 0xD0, 0x37, 0xB9, 0x7B,
    0x5F, 0x5B, 0xFB, 0xCA, 0x37, 0x71, 0x3E, 0x77, 0x29, 0x78, 0x10, 0xE7, 0xEA, 0x72, 0xB0, 0x97,
    0xE7, 0x5D, 0x92, 0xBF, 0xBB, 0x8B, 0x27, 0x62, 0xB2, 0x96, 0xDB, 0xBB, 0xF6, 0x3D, 0x39, 0x5F,
    0xFF, 0x76, 0x87, 0xB3, 0xFB, 0x5A, 0xDA, 0xE1, 0x77, 0xF5, 0x66, 0x7E, 0x71, 0x27, 0x5F, 0xFF,
    0x76, 0xCD, 0x8E, 0xD7, 0x81, 0xFB, 0xD4, 0xC3, 0x38, 0x93, 0x2B, 0xB9, 0xBA, 0xBE, 0xFD, 0xE5,
    0x49, 0xED, 0x98, 0xB3, 0x6B, 0x65, 0x41, 0x60, 0x7D, 0xBE, 0xC8, 0x2A, 0xA4, 0xC4, 0x16, 0xB2,
    0xC5, 0x8C, 0xA2, 0x75, 0x93, 0xCC, 0x24, 0x11, 0x09, 0x30, 0xF1, 0xE7, 0xDC, 0xDE, 0x80, 0x94,
    0x74, 0xD4, 0x2E, 0xE3, 0xC1, 0x1A, 0xE0, 0x22, 0x0A, 0x48, 0xA8, 0xB7, 0x66, 0xE9, 0xC4, 0xEB,
    0xEF, 0x53, 0xE1, 0xAA, 0x75, 0x10, 0x85, 0x64, 0x83, 0xDC, 0x13, 0x16, 0xF5, 0xF3, 0x40, 0xEE,
    0xE5, 0xA7, 0x91, 0x2D, 0x64, 0x22, 0xC1, 0xBC, 0xE7, 0xAC, 0x93, 0xF6, 0x82, 0x61, 0x57, 0xEF,
    0x7D, 0x3D, 0xC9, 0x18, 0x2B, 0x35, 0xEC, 0xBC, 0xB1, 0xED, 0x72, 0x36, 0xCD, 0xE4, 0x9A, 0x81,
    0x06, 0x36, 0x80, 0x20, 0x5E, 0xD8, 0xF3, 0x9D, 0x81, 0xC9, 0xC2, 0xD4, 0x3D, 0x61, 0x60, 0xD2,
    0x1D, 0x34, 0x30, 0xA9, 0xD6, 0x4C, 0xDD, 0x74, 0x4D, 0x9A, 0x1B, 0xC4, 0xD5, 0xF3, 0xE8, 0x9A,
    0xAF, 0x58, 0x40, 0x3E, 0x60, 0xC2, 0x7E, 0x54, 0x04, 0xE5, 0x42, 0x7A, 0xC0, 0xE1, 0x80, 0x1C,
    0x61, 0x1D, 0xCD, 0x5E, 0x20, 0x78, 0xA7, 0x02, 0x13, 0x89, 0x52, 0xC9, 0x2A, 0x47, 0x62, 0x2F,
    0x0A, 0xD1, 0x2D, 0x83, 0x2A, 0x72, 0x5F, 0xFF, 0x7A, 0x59, 0x90, 0x87, 0x97, 0x06, 0x3D, 0x29,
    0x13, 0x14, 0xC2, 0xC6, 0xAD, 0xC8, 0x30, 0x23, 0x96, 0xA9, 0x1D, 0x32, 0x13, 0x73, 0x52, 0x18,
    0x15, 0xF1, 0x4A, 0x91, 0x27, 0x29, 0x81, 0x90, 0x5A, 0xC9, 0x8D, 0xDE, 0xC8, 0xF2, 0x30, 0x27,
    0x62, 0x23, 0x5B, 0x36, 0x65, 0xFE, 0xB9, 0x48, 0x7E, 0x06, 0xC1, 0xFF, 0x14, 0x71, 0xF8, 0x55,
    0xC4, 0x9B, 0x45, 0xF9, 0x1A, 0x44, 0x13, 0x14, 0xC7, 0x1A, 0x7D, 0x24, 0x57, 0x11, 0xB3, 0x84,
    0x04, 0x98, 0x80, 0x3E, 0x3C, 0x94, 0x70, 0xD0, 0xE2, 0x59, 0x15, 0x33, 0xEC, 0xF6, 0xE8, 0xDB,
    0x06, 0x64, 0x4F, 0x69, 0xBD, 0xB5, 0x87, 0xB7, 0x70, 0xF5, 0x2C, 0xD1, 0xF9, 0xF9, 0x6A, 0xC0,
    0x85, 0xB7, 0xB1, 0x50, 0x6D, 0x5D, 0xD8, 0x50, 0x79, 0x6A, 0x27, 0x48, 0x57, 0xBB, 0x71, 0xC8,
    0x16, 0x2E, 0x2E, 0xDD, 0xDC, 0x39, 0x7F, 0xFE, 0xA5, 0x8D, 0xC4, 0x3F, 0x2E, 0x6C, 0x2B, 0xD3,
    0x8C, 0x2D, 0x44, 0xC3, 0xEA, 0x04, 0x69, 0x61, 0x0D, 0x31, 0xCB, 0x0D, 0x8E, 0xE5, 0x18, 0x6F,
    0x9A, 0x40, 0xB1, 0x55, 0xFC, 0x49, 0x0F, 0xD5, 0x6A, 0xEF, 0x4F, 0x69, 0xE6, 0xC3, 0xD9, 0x64,
    0xE6, 0xE3, 0x63, 0x97, 0x02, 0xF4, 0xE7, 0x4B, 0x01, 0x7F, 0xD5, 0x67, 0x3E, 0xE4, 0xF5, 0x45,
    0x5B, 0xD8, 0xB5, 0xB1, 0xC3, 0x96, 0x5B, 0xED, 0x94, 0x88, 0x8A, 0x26, 0xDF, 0xCE, 0xD2, 0xB5,
    0x0D, 0xDE, 0x33, 0x92, 0x01, 0xC4, 0x31, 0x4E, 0xB6, 0xB8, 0x0A, 0x4C, 0x21, 0x97, 0xB0, 0x2A,
    0x32, 0xAA, 0xDC, 0x52, 0x44, 0x6F, 0x25, 0xCE, 0x20, 0x79, 0x5E, 0xE2, 0xFB, 0xFD, 0x5A, 0x6B,
    0x97, 0x05, 0x89, 0xB2, 0xA4, 0xCD, 0x13, 0xB6, 0x70, 0xD0, 0x8E, 0x67, 0x4D, 0x39, 0xB6, 0xE0,
    0x4A, 0x61, 0x9F, 0x65, 0x90, 0x87, 0xEC, 0x5A, 0xD9, 0x03, 0x08, 0x39, 0x95, 0xF1, 0x98, 0xC9,
    0x9B, 0x89, 0x53, 0x42, 0xD7, 0x0A, 0xFA, 0x4F, 0xB2, 0x68, 0xF6, 0x39, 0xA7, 0x7C, 0x3E, 0x47,
    0xF8, 0xF9, 0x8A, 0xF1, 0xE7, 0xC4, 0xFF, 0x97, 0x44, 0xFC, 0x8C, 0x16, 0x6B, 0x99, 0xAF, 0x16,
    0xD4, 0x54, 0x28, 0xF4, 0xAA, 0xF8, 0x8D, 0x27, 0x53, 0xC6, 0x5A, 0x25, 0xC1, 0x64, 0x9E, 0x58,
    0x59, 0xED, 0xDA, 0xC2, 0xE4, 0x3A, 0x2F, 0xE6, 0xAC, 0xA6, 0x00, 0xC2, 0x07, 0x6D, 0xE1, 0x9E,
    0x99, 0xDA, 0x28, 0xEA, 0x07, 0xD5, 0x76, 0x4C, 0x91, 0x22, 0xD2, 0xB0, 0x78, 0x19, 0xF3, 0x61,
    0xCD, 0x1A, 0x81, 0x8C, 0xDC, 0x2C, 0x2A, 0xF8, 0x9D, 0x22, 0x1B, 0x9D, 0x0A, 0xA1, 0x86, 0x25,
    0xC5, 0x85, 0x9C, 0x86, 0xC1, 0x05, 0x44, 0xF1, 0xCA, 0x37, 0xE4, 0xD4, 0xA2, 0xB2, 0x4E, 0x7D,
    0x8D, 0x18, 0x47, 0x07, 0x13, 0x7B, 0x95, 0x84, 0x2E, 0xDE, 0xB1, 0x80, 0xAB, 0xC8, 0x91, 0x91,
    0x02, 0xE1, 0x4D, 0x1A, 0x84, 0x1B, 0xC8, 0xB7, 0x20, 0x67, 0x5C, 0x6E, 0x4A, 0xE3, 0x8C, 0xB9,
    0x1B, 0x54, 0x01, 0xDB, 0x42, 0x70, 0x53, 0x2D, 0x5D, 0x4D, 0x86, 0x67, 0x5E, 0x42, 0xE7, 0xD7,
    0x85, 0x68, 0x75, 0x63, 0xF8, 0x76, 0x56, 0x98, 0x7E, 0x5A, 0x4B, 0x7A, 0xA9, 0xBC, 0xB8, 0x7C,
    0x6A, 0x70, 0xBA, 0xC5, 0x74, 0x53, 0x17, 0xB3, 0xDC, 0x6A, 0xDE, 0xB1, 0xA9, 0xAB, 0x8B, 0xCE,
    0x6F, 0x3D, 0xC0, 0x09, 0x08, 0x13, 0x58, 0x26, 0x40, 0xCD, 0x41, 0x67, 0x81, 0x69, 0x6E, 0x3A,
    0x01, 0x7C, 0x42, 0x81, 0x20, 0x65, 0x42, 0xD3, 0xE7, 0xF8, 0xFA, 0xD9, 0xC2, 0x17, 0xF6, 0xFD,
    0x58, 0x3F, 0xE5, 0x21, 0x2B, 0x36, 0xD6, 0xAC, 0x90, 0x38, 0x69, 0x0B, 0xD9, 0x3F, 0x5C, 0x89,
    0xDA, 0x50, 0xB7, 0xCD, 0xA4, 0x9E, 0xF7, 0x6A, 0x67, 0x23, 0xDA, 0x6D, 0xF8, 0x86, 0x59, 0x9F,
    0x55, 0xEE, 0x1B, 0xB6, 0xF2, 0x33, 0x2B, 0x9B, 0x6B, 0xBE, 0x6A, 0x0B, 0xC7, 0x6D, 0x61, 0x0A,
    0x9B, 0x9A, 0x76, 0xC3, 0x6C, 0x90, 0x1D, 0x0B, 0xAF, 0x67, 0x5C, 0x11, 0x58, 0xEC, 0xF0, 0x2E,
    0x2F, 0x24, 0x4F, 0x7A, 0x32, 0x5E, 0x28, 0xCC, 0x4A, 0xCD, 0xE7, 0xAE, 0x94, 0xBA, 0xEF, 0xC3,
    0xA3, 0xE6, 0xFA, 0x69, 0x22, 0x7C, 0x43, 0x21, 0x18, 0xDD, 0x5C, 0x1D, 0x23, 0x69, 0x1B, 0x6A,
    0xAF, 0x0C, 0x6E, 0x15, 0x2D, 0x17, 0x62, 0xE5, 0x8F, 0x5C, 0xC8, 0x72, 0x47, 0x97, 0x28, 0x40,
    0x49, 0xD4, 0x5C, 0xE8, 0xC8, 0x0C, 0xE4, 0x02, 0x79, 0xD4, 0x9D, 0xF9, 0x26, 0xEB, 0xB9, 0x32,
    0x39, 0xC5, 0x03, 0x0A, 0x51, 0x65, 0x0A, 0xE8, 0xCD, 0x1D, 0x0A, 0x7C, 0xD5, 0x17, 0x6C, 0xE1,
    0x01, 0x65, 0x1A, 0xC4, 0xC6, 0x29, 0xBE, 0x05, 0x42, 0xE2, 0xF9, 0xA6, 0x09, 0x36, 0xFF, 0xA0,
    0x50, 0x74, 0x04, 0x13, 0xBE, 0xA9, 0xAC, 0x0A, 0x7A, 0xD7, 0xF5, 0x1F, 0x9D, 0xE7, 0xCE, 0xBF,
    0xAF, 0x05, 0x3E, 0x66, 0x7E, 0x62, 0x5E, 0x98, 0x7E, 0xBA, 0xAE, 0xFF, 0x6F, 0xA9, 0x3C, 0x5D,
    0xBE, 0x68, 0x70, 0xBA, 0xC5, 0x74, 0xD3, 0x18, 0xA4, 0xBF, 0xD4, 0xB1, 0xA9, 0xAB, 0x6A, 0x5E,
    0xD8, 0x62, 0x80, 0x13, 0x10, 0x26, 0xB0, 0x4C, 0x80, 0x9A, 0x83, 0xCE, 0x00, 0xD3, 0x82, 0x77,
    0x02, 0xF8, 0x84, 0x02, 0x46, 0xCA, 0x84, 0xA6, 0xCF, 0xF1, 0xF5, 0xB3, 0x85, 0xAF, 0x3B, 0xB0,
    0xDE, 0x7D, 0x1F, 0xA6, 0x2B, 0xB1, 0x56, 0xC9, 0x22, 0x3A, 0x64, 0xE2, 0xEE, 0x89, 0xDF, 0x27,
    0x09, 0xB0, 0x2A, 0x1C, 0xFC, 0x71, 0xD5, 0x1C, 0x59, 0xD8, 0x25, 0x93, 0xB4, 0x69, 0x37, 0x74,
    0xE3, 0x82, 0x2D, 0x7C, 0x73, 0x75, 0xA7, 0xCE, 0x39, 0xB1, 0xA1, 0xCD, 0xD6, 0x07, 0x3E, 0x1D,
    0xDC, 0xC1, 0xA7, 0xB5, 0xF0, 0x33, 0x3A, 0xAD, 0xA7, 0x7C, 0x4A, 0xF4, 0xF8, 0x2F, 0x2F, 0xE3,
    0xA4, 0x75, 0xBF, 0xD5, 0xA9, 0xE0, 0x13, 0xB9, 0xAC, 0xBF, 0xDC, 0xDF, 0xB9, 0xCD, 0xE4, 0xCF,
    0x9E, 0x90, 0x36, 0xEF, 0xD0, 0x98, 0x9C, 0x0E, 0xDD, 0xF7, 0xB2, 0x36, 0x8D, 0x9D, 0x0C, 0x3F,
    0xD3, 0x81, 0x9D, 0xFB, 0xF2, 0x42, 0xBD, 0x98, 0xD3, 0xD7, 0x76, 0xD0, 0x9B, 0xCD, 0xC0, 0x4F,
    0xF3, 0x4F, 0xFD, 0x9D, 0xFE, 0x9F, 0x7C, 0xF2, 0x09, 0xB3, 0xC7, 0xF7, 0xC9, 0x27, 0xE6, 0xDF,
    0x7F, 0xEA, 0xC6, 0xD9, 0x26, 0xBD, 0xFF, 0x56, 0x6A, 0x8D, 0x61, 0x51, 0x40, 0xF1, 0xD9, 0x40,
    0xC8, 0xEF, 0x8A, 0x09, 0xD5, 0xC0, 0xDC, 0x3A, 0xCF, 0xDA, 0xC1, 0x33, 0x8C, 0xC9, 0xB8, 0x2F,
    0x61, 0x5B, 0x93, 0x2A, 0xCA, 0xEA, 0x88, 0x67, 0xE5, 0xCB, 0xAC, 0x46, 0x60, 0x13, 0x39, 0x21,
    0x49, 0x95, 0x20, 0x00, 0x40, 0x37, 0x51, 0x9E, 0x50, 0x73, 0x58, 0xF1, 0x20, 0x62, 0x1E, 0x6D,
    0x41, 0xF3, 0x64, 0x2E, 0xDC, 0x10, 0x29, 0x84, 0xFC, 0x53, 0x2B, 0x33, 0xFC, 0x5C, 0xF0, 0xF8,
    0xF2, 0x36, 0xCA, 0x11, 0xDA, 0x48, 0x57, 0x25, 0x95, 0xF8, 0x39, 0x4D, 0x66, 0x36, 0x43, 0x36,
    0x49, 0x2D, 0x0E, 0x4F, 0x15, 0x9B, 0xED, 0xA0, 0xA5, 0xE5, 0x87, 0x72, 0x45, 0x59, 0x46, 0x96,
    0x43, 0xE2, 0x8D, 0x73, 0x8F, 0x96, 0x1F, 0x2C, 0xEB, 0x4D, 0xB3, 0xF5, 0xFE, 0xA4, 0x73, 0x57,
    0x03, 0x39, 0x55, 0x61, 0x6E, 0xE0, 0x4E, 0xFA, 0x79, 0x9A, 0xB4, 0xA9, 0x56, 0xE6, 0x3F, 0x7D,
    0xDB, 0x7E, 0x9C, 0xAF, 0xA8, 0xFB, 0xB0, 0x5A, 0x9D, 0x57, 0x9D, 0xBD, 0x66, 0xB8, 0x90, 0xFA,
    0xD1, 0x59, 0xE3, 0x19, 0x9F, 0x32, 0xD3, 0xA4, 0x8E, 0xC5, 0x85, 0x67, 0x71, 0x11, 0x30, 0x2E,
    0xD2, 0xAC, 0x0E, 0x97, 0x71, 0x51, 0x59, 0x5C, 0xD4, 0x77, 0x87, 0x8B, 0xC8, 0xE2, 0x22, 0xFC,
    0xE4, 0xB8, 0xA8, 0x2D, 0x2E, 0xAA, 0x8F, 0xC7, 0xC5, 0xB8, 0x8A, 0x8B, 0x6C, 0x23, 0x2E, 0xCA,
    0xD5, 0xF8, 0x39, 0x5B, 0x37, 0x5E, 0xC5, 0x85, 0xA3, 0x37, 0xE0, 0x62, 0xDA, 0xFA, 0x7A, 0x76,
    0xF7, 0xBD, 0xD2, 0xBD, 0xC6, 0xEC, 0x10, 0x7E, 0x5F, 0xC2, 0xE1, 0xDD, 0xE1, 0x9F, 0xDD, 0x60,
    0xA0, 0x46, 0xD5, 0x63, 0xD7, 0xB9, 0x3B, 0xBF, 0xA8, 0xC2, 0x33, 0x8F, 0x99, 0x28, 0xF8, 0xD4,
    0x4C, 0x8A, 0xC7, 0xDB, 0xFC, 0xD5, 0x48, 0xBF, 0x07, 0x42, 0xB3, 0x1B, 0xF9, 0xEF, 0xD8, 0xD5,
    0x2E, 0xD7, 0xD8, 0x96, 0xC5, 0xBB, 0x6C, 0x4B, 0x61, 0xB4, 0x49, 0x9D, 0x55, 0x58, 0xC7, 0x89,
    0x5B, 0x10, 0x15, 0xB6, 0x05, 0xC2, 0x97, 0x86, 0xDC, 0x0E, 0x78, 0x59, 0x3C, 0xC0, 0x66, 0x71,
    0xD8, 0xC3, 0x89, 0x66, 0x2C, 0x01, 0xEA, 0x72, 0xAC, 0xCD, 0x51, 0xBE, 0xE7, 0xA3, 0xD4, 0x94,
    0xAB, 0x42, 0xB4, 0x43, 0xB6, 0x71, 0x4E, 0x4D, 0x11, 0x88, 0x30, 0xA1, 0x4E, 0xD5, 0xD8, 0xB1,
    0x07, 0xDC, 0xCD, 0x8C, 0x0B, 0xF7, 0xC4, 0xD9, 0x26, 0xA6, 0x62, 0xCC, 0xD1, 0x41, 0x25, 0xC7,
    0x11, 0x91, 0xC3, 0x8F, 0x1D, 0xEF, 0x98, 0x81, 0xF0, 0xDF, 0xA7, 0xD6, 0x5E, 0xA4, 0x26, 0xC8,
    0xB2, 0x3E, 0x44, 0xEF, 0x83, 0xF4, 0x56, 0x1F, 0xF7, 0x26, 0x8B, 0xD3, 0x29, 0x74, 0xEB, 0x59,
    0xD2, 0xC4, 0xF2, 0xC5, 0x4D, 0xBA, 0x55, 0x87, 0xD9, 0x40, 0xBF, 0x56, 0x59, 0x87, 0x19, 0xC3,
    0x64, 0x00, 0x86, 0xA9, 0xDB, 0x89, 0x4E, 0xF9, 0x98, 0xC7, 0x3A, 0xA5, 0x63, 0x82, 0xB1, 0xA7,
    0x98, 0xCA, 0xD4, 0x70, 0xB6, 0x9D, 0x97, 0x1C, 0x6E, 0xC6, 0x63, 0x9C, 0x47, 0x8C, 0x84, 0xEC,
    0xAC, 0xE2, 0x1D, 0xFB, 0xF8, 0x42, 0x66, 0x37, 0xFF, 0xAF, 0xD4, 0xC3, 0xFA, 0xCE, 0x10, 0xF0,
    0xBE, 0xD4, 0x57, 0x78, 0x89, 0x67, 0x44, 0x78, 0x01, 0x5D, 0x1B, 0xBF, 0x81, 0xF9, 0x0A, 0x6C,
    0x97, 0x6F, 0xD4, 0x5E, 0xB2, 0xF5, 0x69, 0xEC, 0x3B, 0x46, 0xC2, 0x6A, 0x51, 0x60, 0x23, 0xA6,
    0x47, 0xB0, 0xEA, 0x14, 0xC3, 0xAF, 0x68, 0xA8, 0x07, 0xE6, 0xC0, 0x0E, 0x8A, 0x3B, 0xB8, 0x02,
    0xAF, 0x54, 0x6D, 0x2F, 0x98, 0xF0, 0x5B, 0xD9, 0x8A, 0xAD, 0x78, 0xD3, 0xFD, 0x39, 0xA5, 0x3B,
    0xF2, 0xF0, 0x8B, 0x9E, 0xAE, 0xCD, 0xFA, 0xC4, 0x1C, 0x8A, 0x9E, 0x90, 0xA3, 0xBB, 0x78, 0x70,
    0xC8, 0xC6, 0x18, 0x7C, 0x86, 0xE5, 0x60, 0x19, 0x16, 0xC1, 0x13, 0xE8, 0xA8, 0x99, 0x52, 0x93,
    0x85, 0x4D, 0x59, 0xEF, 0xE5, 0x59, 0x32, 0x04, 0x73, 0xE8, 0x33, 0x15, 0x70, 0x02, 0xF6, 0x0F,
    0x7B, 0xC8, 0x8B, 0xB8, 0x01, 0x9D, 0x24, 0x6F, 0xA0, 0x2F, 0xC5, 0x19, 0x1C, 0x35, 0x26, 0xD4,
    0xBC, 0x1E, 0x47, 0x8C, 0xA0, 0xC2, 0x32, 0x2E, 0x96, 0x85, 0x31, 0x35, 0x53, 0xC9, 0x51, 0x26,
    0xDD, 0x36, 0x3B, 0x06, 0xB2, 0x23, 0x95, 0x8D, 0x28, 0x1C, 0xB7, 0xFF, 0xA6, 0xF3, 0xCB, 0x0C,
    0xB0, 0x94, 0x17, 0xC6, 0xEC, 0xA1, 0x57, 0xE1, 0x2B, 0xFA, 0xAC, 0xCC, 0x92, 0xF0, 0x61, 0x17,
    0x76, 0xA6, 0x86, 0x58, 0xC3, 0x8B, 0xAA, 0x6C, 0x44, 0xDC, 0x93, 0x4E, 0x77, 0x2A, 0xDE, 0x6F,
    0xEE, 0xEA, 0x1A, 0x78, 0xA2, 0xF1, 0x12, 0xD4, 0x08, 0x1A, 0xBA, 0x25, 0x2C, 0xE2, 0x70, 0x18,
    0xDE, 0x22, 0xFD, 0x90, 0x8C, 0xD8, 0xBC, 0xDA, 0x11, 0x34, 0xC2, 0x36, 0x06, 0x51, 0x62, 0xD8,
    0xBF, 0xC0, 0x1B, 0xCB, 0x8F, 0xDD, 0xC4, 0x8A, 0x57, 0x96, 0xCB, 0x96, 0x5E, 0xF2, 0xDE, 0x5A,
    0x97, 0x2E, 0x6B, 0x7D, 0x5C, 0x06, 0x12, 0xA8, 0xC9, 0x7F, 0xCB, 0x72, 0x16, 0x06, 0x74, 0x48,
    0x55, 0x32, 0x12, 0x11, 0x24, 0x32, 0xD0, 0xB7, 0xD1, 0x7C, 0x09, 0xB0, 0xA7, 0xC9, 0x00, 0x22,
    0x1A, 0x89, 0x01, 0x62, 0x4D, 0xC8, 0x8B, 0xC7, 0x00, 0x07, 0x92, 0x0B, 0x49, 0xEF, 0xD0, 0xAF,
    0x64, 0x8E, 0x95, 0xE4, 0x8F, 0x46, 0x1F, 0x11, 0xF2, 0x9C, 0xE2, 0x4F, 0xE8, 0x96, 0x37, 0xD5,
    0x76, 0xF5, 0xD5, 0x0C, 0x51, 0x5A, 0xEB, 0x9A, 0xB4, 0x10, 0x9A, 0xEC, 0x13, 0x01, 0xA1, 0x4A,
    0x7E, 0x0B, 0x80, 0x59, 0x77, 0x00, 0x85, 0x35, 0x9E, 0x78, 0x3B, 0xA8, 0xFC, 0x3F, 0x6E, 0xB1,
    0xA4, 0xEB, 0x49, 0x94, 0x00, 0x8B, 0x0E, 0x09, 0xED, 0xD3, 0x32, 0x2F, 0x9A, 0x4E, 0x26, 0x97,
    0x4C, 0x08, 0x15, 0x83, 0x59, 0xD0, 0x97, 0x79, 0x50, 0x20, 0xB6, 0xE3, 0x2A, 0xF3, 0x23, 0xE8,
    0x29, 0x3C, 0xCF, 0x4D, 0x6E, 0x93, 0x35, 0x4E, 0x4C, 0x68, 0x1D, 0xCB, 0x49, 0x2B, 0xF8, 0x4D,
    0xD8, 0x90, 0x35, 0x86, 0x05, 0x80, 0x0E, 0xC2, 0xAC, 0x47, 0xDA, 0x90, 0x8E, 0x88, 0xD3, 0x6D,
    0xA9, 0x9A, 0x8F, 0xAD, 0xCA, 0xEF, 0x57, 0xBC, 0xBC, 0xEE, 0xCA, 0x32, 0x26, 0x0C, 0x5F, 0x98,
    0x40, 0x5E, 0x57, 0xE8, 0x31, 0xAC, 0x7C, 0xAD, 0x63, 0x72, 0x6F, 0x75, 0x82, 0x66, 0xD7, 0xB1,
    0xBE, 0x96, 0x60, 0x42, 0x0A, 0x87, 0x9E, 0xB8, 0x26, 0x6C, 0x03, 0xE2, 0xC1, 0xCA, 0xD1, 0x70,
    0x82, 0x77, 0xE8, 0x97, 0xB0, 0x14, 0x4E, 0x6C, 0x55, 0xBC, 0x87, 0x49, 0xC0, 0x9C, 0xB9, 0xAF,
    0xC0, 0x64, 0x1E, 0x29, 0x89, 0x81, 0xE4, 0x06, 0x71, 0x6B, 0xD2, 0xE1, 0x80, 0xAD, 0xCF, 0xC9,
    0x40, 0x43, 0xCC, 0x00, 0xEB, 0x62, 0x24, 0xE1, 0xA1, 0x09, 0xCC, 0xEF, 0x69, 0x70, 0x6B, 0xA6,
    0x55, 0xD4, 0xF1, 0xF0, 0xA9, 0xD6, 0x5F, 0x67, 0xD0, 0xE7, 0x9C, 0xC2, 0x23, 0x69, 0xA1, 0x6F,
    0x08, 0x9F, 0x25, 0xD6, 0x56, 0x15, 0xB1, 0xB5, 0x26, 0x87, 0x7C, 0x61, 0xB4, 0x12, 0x4E, 0x20,
    0x8D, 0xA2, 0x9B, 0x7B, 0x08, 0x8C, 0x45, 0xEE, 0xD4, 0x88, 0xF7, 0x20, 0x53, 0xD4, 0x1F, 0x30,
    0x79, 0x10, 0x22, 0x5B, 0x05, 0xB5, 0x8C, 0xBC, 0x08, 0x24, 0xC6, 0x08, 0x9A, 0x72, 0xCC, 0x1A,
    0xA8, 0x04, 0xA0, 0xB5, 0x32, 0x2B, 0x0E, 0x4B, 0x47, 0x28, 0x26, 0xD6, 0x19, 0x1E, 0xF0, 0xAF,
    0x7C, 0x5E, 0x31, 0x09, 0x58, 0x45, 0xEC, 0x54, 0x48, 0xFD, 0xB2, 0x8F, 0xD1, 0xF6, 0x2C, 0xA4,
    0xA3, 0x5B, 0x71, 0x4C, 0x00, 0xA3, 0xEC, 0xDD, 0x85, 0x9A, 0xBD, 0xB0, 0xC5, 0xF1, 0xA2, 0x68,
    0x9F, 0x73, 0xBC, 0x1E, 0x73, 0x3F, 0xCF, 0x81, 0x50, 0x0B, 0xDE, 0xD8, 0x90, 0x05, 0xE4, 0xF7,
    0x17, 0x62, 0x92, 0x70, 0xDD, 0x05, 0x92, 0x2F, 0x71, 0x7B, 0x01, 0xBD, 0x6D, 0x7E, 0x8F, 0x7B,
    0x7B, 0x81, 0xBD, 0x82, 0x0B, 0x3C, 0x2F, 0x72, 0x81, 0x94, 0x25, 0x1D, 0xF9, 0xD2, 0xE5, 0xA3,
    0x8F, 0x3A, 0x74, 0x4C, 0xDA, 0x0B, 0xD4, 0xDB, 0xA4, 0xBB, 0x40, 0xBD, 0x8D, 0xFA, 0x0B, 0x24,
    0xBB, 0x82, 0xE1, 0x02, 0x11, 0x22, 0x84, 0x45, 0x83, 0xAA, 0x6C, 0x64, 0x8D, 0x23, 0xF7, 0xE4,
    0xEC, 0x9D, 0x7A, 0x7B, 0x61, 0x66, 0x38, 0xB8, 0xED, 0x7C, 0xBD, 0xF4, 0x93, 0x9F, 0x40, 0xC9,
    0xF7, 0x9F, 0x7F, 0x79, 0x3C, 0x7F, 0x3E, 0x95, 0x4C, 0x17, 0xE5, 0xF2, 0x69, 0xF2, 0x29, 0x3E,
    0xF5, 0x1D, 0xBA, 0x15, 0x53, 0x27, 0xDC, 0xF8, 0x4E, 0xE4, 0x7E, 0xE5, 0x66, 0xBF, 0xD9, 0x57,
    0xA5, 0x0C, 0xB3, 0xB2, 0x1D, 0xC5, 0xCB, 0xE9, 0x83, 0xC4, 0x0D, 0x7D, 0xBA, 0xAF, 0xA6, 0x55,
    0x6D, 0xC5, 0xE1, 0x02, 0xBA, 0x9A, 0x1F, 0x9F, 0x39, 0x4F, 0xAF, 0x5C, 0x6D, 0xF1, 0x92, 0x5F,
    0x37, 0x5E, 0xB5, 0x55, 0x3B, 0x58, 0xB7, 0xAE, 0x0A, 0xF4, 0x02, 0x43, 0xEC, 0x49, 0x2C, 0x26,
    0x0D, 0x51, 0x2D, 0x54, 0x32, 0x0C, 0x1D, 0xFD, 0xFD, 0xDE, 0x44, 0x86, 0x40, 0xDB, 0xB2, 0x7A,
    0x92, 0x12, 0x7F, 0x87, 0x5F, 0xB9, 0x1E, 0x5F, 0xC1, 0xD7, 0x72, 0x2B, 0xDC, 0xDE, 0x3E, 0x06,
    0x4C, 0xEA, 0x94, 0x5E, 0x1A, 0xAA, 0xAF, 0x90, 0x6C, 0x5B, 0x53, 0x27, 0x68, 0x60, 0xED, 0xEC,
    0xEF, 0x22, 0x7D, 0x83, 0xEF, 0xBF, 0xA2, 0x76, 0x10, 0xE3, 0x38, 0xA5, 0x4A, 0x73, 0x75, 0x4E,
    0x1D, 0x20, 0x66, 0xD9, 0x85, 0xD5, 0x8E, 0xD4, 0xCF, 0xBD, 0x72, 0xF9, 0xCF, 0xCF, 0x03, 0x6A,
    0x6D, 0x17, 0xD5, 0x38, 0x40, 0x35, 0x01, 0x85, 0x5C, 0xB9, 0x25, 0x66, 0xD3, 0x23, 0x76, 0x1D,
    0x2E, 0xC1, 0x97, 0x24, 0x54, 0x78, 0x15, 0x16, 0x59, 0xC2, 0x1C, 0x89, 0x75, 0x62, 0x9E, 0xCB,
    0xA7, 0xFF, 0xD3, 0xFC, 0x7F, 0x95, 0x7D, 0x88, 0x61, 0xEB, 0xFF, 0x2B, 0x5C, 0x47, 0x2A, 0xCB,
    0x85, 0x31, 0x27, 0xE8, 0xA1, 0xD6, 0xA8, 0x4D, 0x6A, 0x19, 0xA8, 0x6E, 0xF8, 0x5E, 0x6B, 0x3C,
    0xD9, 0x4F, 0x77, 0xC7, 0xCA, 0x67, 0x4E, 0xDD, 0xA9, 0x19, 0x77, 0xF2, 0x35, 0xD9, 0x65, 0xC4,
    0x36, 0x1E, 0xE7, 0x2E, 0xC2, 0x54, 0x5B, 0xCF, 0xF3, 0xEF, 0xA7, 0x90, 0x48, 0xCA, 0xB4, 0x4B,
    0x08, 0x27, 0xB9, 0x49, 0xD6, 0xB8, 0xFC, 0x13, 0x9B, 0x92, 0xB4, 0x94, 0xFF, 0xE9, 0x4B, 0xFC,
    0xA7, 0xA8, 0x29, 0x97, 0xAC, 0x73, 0x0B, 0x97, 0x79, 0x9D, 0xA2, 0x45, 0xCB, 0xD4, 0xBE, 0xCF,
    0xF9, 0xA2, 0x04, 0x00, 0x17, 0xB9, 0x0F, 0xD4, 0x13, 0xE7, 0x2C, 0xA2, 0x1B, 0x60, 0x29, 0x90,
    0x4B, 0x04, 0x53, 0xA7, 0x84, 0x31, 0x01, 0xDD, 0xC7, 0x4D, 0x9D, 0x62, 0x91, 0x57, 0xCD, 0xA3,
    0x00, 0x99, 0x10, 0xD9, 0x47, 0xC0, 0x22, 0xEB, 0xB3, 0x51, 0x4B, 0x66, 0xD4, 0x7F, 0x09, 0xE5,
    0xF0, 0x37, 0x48, 0x0D, 0x97, 0xC4, 0xCC, 0x19, 0x71, 0x34, 0xB9, 0x0C, 0x6E, 0xEB, 0xD3, 0x6D,
    0xBB, 0xB0, 0x14, 0x11, 0x4F, 0x5D, 0xB9, 0x0F, 0xE4, 0xAF, 0xB1, 0x9C, 0x45, 0xE0, 0x4B, 0x0E,
    0xF7, 0xB9, 0x1A, 0xDC, 0x1F, 0x97, 0x5E, 0xEB, 0xBD, 0x55, 0x86, 0x55, 0xF0, 0x62, 0x99, 0xA4,
    0x61, 0x54, 0x1E, 0x52, 0xFB, 0xA2, 0xF2, 0x1E, 0xB3, 0xB4, 0xC4, 0xB6, 0x14, 0x1F, 0x8A, 0xC6,
    0xF9, 0xA6, 0xBD, 0x39, 0xA2, 0x51, 0xBE, 0x86, 0x9B, 0xF7, 0xBF, 0xD0, 0xD2, 0x37, 0x7F, 0xAB,
    0x25, 0xBE, 0xA0, 0xFB, 0x26, 0xA4, 0x87, 0x08, 0x31, 0x6E, 0x4B, 0x95, 0xDC, 0x96, 0x58, 0xC5,
    0xEB, 0x68, 0x10, 0x3B, 0x7E, 0x47, 0xB8, 0xE7, 0x3E, 0xC2, 0xCC, 0x8D, 0xE7, 0xA8, 0xD6, 0x91,
    0xAA, 0x57, 0x43, 0xD0, 0x0C, 0x5E, 0xEB, 0xD7, 0x88, 0xED, 0x7D, 0x14, 0xB5, 0xC2, 0xFC, 0x2B,
    0x12, 0x0E, 0xE8, 0xE8, 0x7B, 0xA0, 0x1D, 0xFF, 0x5F, 0x1A, 0xE2, 0x31, 0x62, 0xFB, 0x7B, 0x7C,
    0x63, 0x91, 0x6F, 0x67, 0x86, 0x7B, 0x80, 0x57, 0xC1, 0x93, 0xE7, 0xC1, 0x86, 0x31, 0x1D, 0x1F,
    0x52, 0xDB, 0x42, 0x44, 0x2B, 0x39, 0x23, 0x4F, 0x57, 0x44, 0x65, 0x50, 0xAB, 0x1D, 0x7E, 0x43,
    0xC8, 0x48, 0x8E, 0x34, 0x44, 0x1D, 0xC9, 0x91, 0x1F, 0x43, 0xA7, 0x84, 0x08, 0xA1, 0x0E, 0x46,
    0x89, 0xFC, 0x3F, 0x0D, 0xFD, 0xE9, 0x74, 0xF0, 0x3A, 0xA8, 0xE6, 0x13, 0xB8, 0x2A, 0x39, 0x88,
    0xE4, 0x4C, 0x27, 0x3B, 0x78, 0x5A, 0x1F, 0x21, 0x0F, 0x85, 0x73, 0xA3, 0x83, 0x01, 0xF5, 0x6D,
    0x3A, 0xDA, 0xF8, 0x3D, 0x99, 0x0E, 0x11, 0x51, 0x44, 0xF6, 0x07, 0x43, 0x43, 0xC0, 0xC1, 0xF0,
    0xD8, 0xCD, 0xD8, 0xB8, 0x8C, 0xD0, 0x41, 0xAA, 0x49, 0x20, 0xA1, 0x9E, 0x10, 0x38, 0xA8, 0x27,
    0x74, 0xBC, 0x0A, 0x21, 0x8B, 0x06, 0xDC, 0x96, 0xBE, 0xA6, 0x46, 0xE0, 0xD9, 0xED, 0xF8, 0x9D,
    0xAB, 0x32, 0xCD, 0xB2, 0xE7, 0x2C, 0xD6, 0x1C, 0x1B, 0xC4, 0xD7, 0x3E, 0xD2, 0x11, 0xE1, 0x5C,
    0x71, 0xBB, 0xD3, 0xB8, 0xEA, 0x5C, 0x0F, 0x79, 0xB3, 0xA7, 0x06, 0x61, 0x6D, 0xEF, 0xB1, 0x32,
    0x77, 0x2E, 0xE3, 0x0B, 0x12, 0xEE, 0x08, 0x97, 0x5B, 0x06, 0x0B, 0xF9, 0x54, 0x0E, 0xBB, 0xF7,
    0x7B, 0x39, 0x5C, 0x60, 0xDD, 0x67, 0x31, 0x75, 0xA4, 0x56, 0x5F, 0x56, 0x49, 0x88, 0x04, 0x4F,
    0xDB, 0x88, 0x30, 0xE8, 0xF6, 0xFF, 0x96, 0x7B, 0xC5, 0xC4, 0x1A, 0x76, 0x5F, 0xBD, 0x0A, 0x6D,
    0x4B, 0x03, 0x55, 0xBF, 0xA8, 0x01, 0x9F, 0xAF, 0xDE, 0x2F, 0xFE, 0xE6, 0xD5, 0xE0, 0x1C, 0x6E,
    0x72, 0xF1, 0x14, 0x7A, 0xD5, 0x83, 0xAD, 0x72, 0x1C, 0xAF, 0xAA, 0x5F, 0xE1, 0x5E, 0xD1, 0x60,
    0x83, 0x0A, 0x00, 0xA7, 0x5E, 0xFD, 0x4A, 0x42, 0xE6, 0x9E, 0xEA, 0x71, 0x9D, 0xD3, 0xB3, 0x58,
    0xEC, 0x33, 0x76, 0x7F, 0x5A, 0x38, 0xB3, 0x0E, 0x3E, 0x50, 0x6F, 0x73, 0x02, 0x13, 0xD1, 0x50,
    0xD0, 0x20, 0x90, 0xBB, 0x0A, 0xB0, 0x19, 0x82, 0xE0, 0x96, 0xE4, 0xD4, 0xA3, 0x0C, 0x0C, 0x72,
    0x15, 0xAE, 0x2F, 0xB2, 0x55, 0xA1, 0x8B, 0xC9, 0xA3, 0xB0, 0xAA, 0x5F, 0x83, 0x24, 0xFB, 0x83,
    0xCA, 0x38, 0x83, 0x9E, 0x98, 0xD7, 0x93, 0x8F, 0x2C, 0xFA, 0x4D, 0x99, 0x1F, 0xB8, 0x0A, 0x57,
    0xE6, 0xCB, 0xB8, 0x01, 0x6E, 0x6A, 0x94, 0x58, 0xAA, 0xAB, 0x8A, 0x6F, 0xC4, 0xB7, 0xE4, 0x9B,
    0x73, 0x37, 0xB8, 0x43, 0xDC, 0xB5, 0x0C, 0xC0, 0x1C, 0x67, 0x5E, 0x36, 0xCC, 0xCF, 0x29, 0x70,
    0xB5, 0x9E, 0x02, 0x29, 0x8C, 0xEB, 0x92, 0xB3, 0xAC, 0xE7, 0x9D, 0x0D, 0x95, 0x67, 0xF4, 0x9B,
    0x72, 0x6B, 0x5F, 0x16, 0x43, 0x51, 0x0C, 0xF5, 0x0F, 0x25, 0x66, 0xCD, 0xAD, 0xC9, 0x40, 0x91,
    0xF5, 0x5C, 0xAF, 0x26, 0xD7, 0xD2, 0x61, 0xFB, 0xDE, 0xAB, 0x93, 0xDC, 0xAC, 0x15, 0x52, 0x51,
    0x62, 0x34, 0x6C, 0x91, 0xAD, 0x1F, 0xAF, 0x5E, 0xB7, 0x93, 0xF4, 0x5E, 0x7D, 0x88, 0x8D, 0x42,
    0x10, 0x4D, 0x75, 0x48, 0x99, 0xDC, 0x31, 0x52, 0x64, 0x13, 0xD2, 0x2F, 0x0F, 0x99, 0x35, 0x5D,
    0xA2, 0xD7, 0x43, 0xA2, 0x89, 0x80, 0xDF, 0x43, 0xCA, 0x84, 0x77, 0x17, 0xB2, 0x86, 0x18, 0xB1,
    0xF7, 0x63, 0x96, 0x7B, 0xC5, 0x86, 0x15, 0xB7, 0xC3, 0x84, 0x95, 0xB2, 0x2F, 0xBF, 0xB0, 0xBC,
    0x08, 0x84, 0x87, 0xB9, 0xF8, 0x5F, 0xA8, 0xB7, 0xF8, 0xFC, 0x7F, 0xE4, 0x6F, 0xA9, 0xFB, 0xC9,
    0x24, 0xA4, 0xB3, 0x33, 0x6C, 0xD7, 0x39, 0x9D, 0x43, 0x98, 0x5A, 0x74, 0x46, 0xAA, 0xB9, 0x81,
    0xCE, 0x05, 0x96, 0x6E, 0xE8, 0xCC, 0x7B, 0x71, 0xFE, 0x13, 0x9D, 0x1B, 0x39, 0x17, 0x9D, 0x9C,
    0xC9, 0x5E, 0xF3, 0x46, 0x5C, 0x47, 0x7E, 0x68, 0x4F, 0x67, 0x57, 0xBF, 0x7B, 0xAC, 0x46, 0xBB,
    0x70, 0x05, 0x71, 0x96, 0xFB, 0xD8, 0xFB, 0x32, 0x84, 0x4B, 0x1B, 0x5E, 0xE6, 0x57, 0x26, 0x72,
    0x74, 0xFE, 0x22, 0x8B, 0xE3, 0x3C, 0x6F, 0x62, 0x0D, 0x16, 0xF5, 0x24, 0xC2, 0x94, 0x7E, 0x58,
    0xA9, 0x2B, 0xE1, 0xED, 0x53, 0x3D, 0xCF, 0xCC, 0x99, 0xC0, 0xCA, 0x75, 0x6F, 0x22, 0x2B, 0x16,
    0x49, 0x05, 0x1A, 0x36, 0xD9, 0xEF, 0x31, 0xA2, 0xFD, 0x78, 0x39, 0x0A, 0x33, 0x21, 0x8A, 0x87,
    0x83, 0x9F, 0x3C, 0x78, 0x73, 0x58, 0x5F, 0x81, 0x47, 0xDD, 0xF1, 0xC4, 0x05, 0xDD, 0xFB, 0x17,
    0xF4, 0x9F, 0xC2, 0x9B, 0x1D, 0x01, 0xF8, 0xD2, 0xD7, 0x87, 0x1B, 0x12, 0x00, 0xC7, 0x09, 0xC1,
    0x17, 0x48, 0x72, 0x37, 0x17, 0xA9, 0x3F, 0xC4, 0xBE, 0x25, 0xD9, 0xD4, 0xE9, 0x05, 0x16, 0xF3,
    0x98, 0xDD, 0xC5, 0x54, 0xCB, 0xC8, 0x0B, 0xF2, 0x88, 0xFD, 0x25, 0xA3, 0x1D, 0x53, 0x8B, 0x4D,
    0x86, 0x20, 0x5D, 0xD1, 0xFA, 0x98, 0xB1, 0xE6, 0xA8, 0x4E, 0x2C, 0xAB, 0x91, 0x57, 0x22, 0xB8,
    0xB8, 0x67, 0x37, 0x83, 0x68, 0xE7, 0xF1, 0xB7, 0x74, 0x4B, 0x94, 0x74, 0xFC, 0xAD, 0xE1, 0x1F,
    0xFA, 0xFF, 0x9C, 0x4E, 0xD9, 0x91, 0xDF, 0x0D, 0xFF, 0x9F, 0xE3, 0x6F, 0x85, 0x55, 0x9B, 0xD1,
    0x6F, 0x10, 0xFD, 0x74, 0x52, 0x57, 0xFD, 0x7A, 0x71, 0x32, 0x5F, 0x9A, 0x2A, 0x89, 0x5C, 0x60,
    0x2E, 0xA7, 0x2E, 0xA1, 0x31, 0x69, 0xDA, 0xDC, 0x88, 0x46, 0xAB, 0xEB, 0x91, 0x7E, 0x6F, 0x92,
    0x23, 0xFF, 0x6B, 0x58, 0xE2, 0x3A, 0x62, 0x14, 0x30, 0xC8, 0x88, 0x25, 0x77, 0x1C, 0xF8, 0x23,
    0xFF, 0x80, 0xE6, 0x4A, 0xAE, 0xCC, 0x97, 0x15, 0xE4, 0xEC, 0xFC, 0x8B, 0xAA, 0x4B, 0xF6, 0x7D,
    0xA3, 0xB9, 0xEC, 0x07, 0xD7, 0x5A, 0x75, 0x03, 0xAB, 0xF7, 0x51, 0xEE, 0x36, 0x0F, 0x10, 0x16,
    0x8F, 0xA8, 0xF0, 0x91, 0xBA, 0x5A, 0x0F, 0xFA, 0x03, 0x5D, 0x1C, 0xEC, 0x28, 0x7A, 0x67, 0x34,
    0x86, 0xD9, 0xB9, 0x13, 0xCA, 0xAD, 0x1E, 0x40, 0x14, 0x45, 0x49, 0xF4, 0xF8, 0x41, 0x2D, 0xB3,
    0x5F, 0x78, 0x7F, 0x54, 0xF3, 0xA6, 0x67, 0x72, 0x2E, 0xC9, 0x0C, 0xF1, 0xAA, 0xCA, 0x18, 0xAF,
    0x85, 0x33, 0x90, 0x53, 0xA8, 0xCF, 0x68, 0xFD, 0xD6, 0xF8, 0x73, 0xFA, 0x37, 0x44, 0x67, 0xFF,
    0xDC, 0xF7, 0xFE, 0x50, 0x9F, 0x19, 0xF5, 0x23, 0x9A, 0x5C, 0xC5, 0xAB, 0x6A, 0x58, 0x4E, 0x00,
    0xD9, 0x98, 0x77, 0x6B, 0x56, 0xD2, 0x7A, 0xF3, 0x66, 0xAF, 0x17, 0xEF, 0x54, 0x3C, 0x37, 0x76,
    0xA7, 0x1B, 0x09, 0xAB, 0xF2, 0x7B, 0x33, 0x4D, 0x94, 0xD1, 0x8F, 0x50, 0x19, 0xB0, 0x00, 0x61,
    0x58, 0xF0, 0xA4, 0x38, 0xAE, 0x3E, 0x69, 0xA6, 0xE3, 0x1E, 0x98, 0xD9, 0x9B, 0x1C, 0x77, 0x9C,
    0x4A, 0xCC, 0xA5, 0x6F, 0xDE, 0x28, 0xDB, 0xEF, 0x6D, 0xBD, 0xC8, 0xC4, 0x3E, 0xEF, 0xB5, 0x02,
    0x27, 0x85, 0x54, 0x91, 0xED, 0x3B, 0x4E, 0x33, 0xEB, 0x32, 0x0C, 0xCD, 0x4B, 0x9B, 0xBC, 0x5B,
    0x79, 0xA3, 0x2E, 0xAC, 0x17, 0xAF, 0x96, 0xB9, 0x3D, 0xD0, 0x39, 0xA6, 0x9B, 0x62, 0x99, 0xFC,
    0x43, 0x3F, 0xA1, 0xA9, 0x42, 0x88, 0xC7, 0x8A, 0xA7, 0x2B, 0x63, 0x18, 0x8D, 0x98, 0x04, 0xEA,
    0x64, 0xAC, 0x3C, 0xE6, 0x5C, 0xE0, 0x30, 0x9A, 0x91, 0x75, 0xE6, 0x06, 0xE8, 0x80, 0x15, 0x83,
    0xF5, 0xAC, 0x53, 0x9D, 0x31, 0x83, 0xB5, 0xF1, 0x78, 0xB9, 0x9D, 0x5E, 0xE2, 0x21, 0x6E, 0x61,
    0x9F, 0x1A, 0xDD, 0xAF, 0x23, 0xD9, 0xDB, 0x93, 0x02, 0x22, 0x75, 0x81, 0xB0, 0x90, 0x5C, 0x57,
    0x7E, 0xA9, 0x5B, 0xAC, 0x8A, 0x20, 0x5F, 0x1D, 0x99, 0x63, 0xD1, 0x35, 0xB2, 0xBD, 0xDE, 0x29,
    0xA5, 0x05, 0x32, 0x7B, 0xD8, 0xBA, 0x8E, 0x66, 0x70, 0xC4, 0x78, 0xEC, 0x1B, 0x2E, 0xD9, 0xFC,
    0x8D, 0xA0, 0xD4, 0xE9, 0xB7, 0x72, 0x01, 0x3F, 0xEC, 0x78, 0x72, 0xE6, 0x5D, 0x9D, 0xBD, 0xED,
    0x6F, 0xAE, 0xB9, 0x96, 0x63, 0xC6, 0x53, 0xB1, 0x72, 0x12, 0xC1, 0xBE, 0xFB, 0x01, 0x34, 0x44,
    0xED, 0x14, 0x69, 0xAD, 0x47, 0xA7, 0xD6, 0x9D, 0x5B, 0x21, 0x77, 0x1E, 0x32, 0x52, 0x11, 0xF7,
    0xA7, 0xC4, 0x97, 0xAA, 0xC3, 0xAE, 0x3E, 0xD2, 0x26, 0xB7, 0xA8, 0x3A, 0xEF, 0x9C, 0xEB, 0xCD,
    0xF8, 0x4B, 0x81, 0xC7, 0x60, 0x60, 0xB8, 0x0A, 0xBF, 0x6A, 0x06, 0xC3, 0x76, 0x4E, 0x7F, 0xB9,
    0x4C, 0x61, 0x32, 0x3E, 0xE8, 0x8B, 0x0F, 0x8A, 0x9C, 0xE0, 0x57, 0x13, 0xFC, 0x5A, 0xAA, 0x73,
    0x99, 0xEA, 0x1C, 0xE2, 0xED, 0x63, 0xBA, 0x0E, 0xA8, 0x8E, 0x4F, 0x75, 0x7C, 0xF5, 0xA1, 0x7E,
    0x81, 0xEA, 0x7C, 0x5F, 0xB5, 0xA4, 0x0B, 0x05, 0xC6, 0xA8, 0x13, 0xD1, 0x08, 0xA8, 0x5E, 0x1B,
    0xA8, 0xA7, 0x06, 0x3F, 0x55, 0x99, 0x4F, 0x60, 0x7C, 0xDD, 0x4C, 0x87, 0x8E, 0x86, 0x1E, 0x20,
    0xF1, 0xBF, 0x62, 0xC2, 0x0D, 0x19, 0xCE, 0x66, 0x17, 0xD0, 0xEA, 0xDB, 0xD2, 0xAB, 0x8F, 0xB0,
    0x78, 0x13, 0x16, 0xC3, 0x34, 0x5D, 0x2E, 0xE3, 0xC5, 0xBE, 0xF1, 0x3D, 0x2C, 0x10, 0xE0, 0x2F,
    0x91, 0x70, 0x76, 0x64, 0x52, 0xF5, 0x7E, 0x44, 0x16, 0xF3, 0xF5, 0x5C, 0x15, 0x5E, 0x5E, 0x0C,
    0x5E, 0xAE, 0x5B, 0x9F, 0xE8, 0x20, 0xC0, 0xCE, 0x1C, 0xA6, 0x0B, 0xF2, 0x83, 0x15, 0x49, 0x34,
    0x82, 0xE7, 0x8F, 0xD2, 0x0F, 0x8B, 0xEB, 0xE4, 0x15, 0x51, 0x9D, 0x9E, 0xDE, 0x0D, 0xBD, 0xCB,
    0x00, 0xDB, 0x76, 0x08, 0x9E, 0xEB, 0x44, 0x6F, 0x97, 0x69, 0xAC, 0xAD, 0x6A, 0x48, 0x54, 0xDF,
    0x42, 0x8A, 0x4F, 0x6D, 0xE0, 0x55, 0x0B, 0xFC, 0xC6, 0x4D, 0x60, 0x5E, 0x2D, 0x18, 0xEB, 0xCE,
    0xB4, 0xDB, 0x1A, 0x7E, 0xA0, 0x2F, 0x1A, 0xE2, 0x73, 0xD8, 0xCE, 0x9D, 0x02, 0xED, 0x9E, 0xA4,
    0x3A, 0xFB, 0x17, 0xB0, 0xEF, 0x05, 0xF6, 0x1F, 0x14, 0x80, 0xFD, 0xFB, 0x84, 0x9F, 0x71, 0x06,
    0xFB, 0xBB, 0xC0, 0x4F, 0xFA, 0x53, 0xC5, 0x8F, 0xFA, 0xD4, 0xF8, 0x09, 0x05, 0x3F, 0xAF, 0x30,
    0x7E, 0xE8, 0x5D, 0x13, 0xDC, 0xF3, 0x05, 0x7E, 0x3A, 0xC6, 0xCF, 0x6D, 0xC2, 0xCF, 0x6B, 0x5B,
    0xE0, 0x87, 0x78, 0x82, 0xDA, 0xC3, 0x58, 0x9B, 0xE8, 0xBD, 0xF4, 0x23, 0xBD, 0x19, 0x1E, 0x23,
    0x83, 0xC7, 0x5E, 0xC1, 0x47, 0x68, 0x48, 0x7F, 0xDE, 0x06, 0x1E, 0xC7, 0x19, 0x1E, 0xD3, 0xAD,
    0xF1, 0xB8, 0x19, 0x0E, 0xFB, 0x2D, 0xE4, 0x4F, 0x73, 0xCC, 0xE0, 0xD0, 0xE9, 0xE8, 0x9E, 0x06,
    0x87, 0x06, 0xEE, 0x7A, 0x20, 0xFC, 0x68, 0x9F, 0xEE, 0xFF, 0xBA, 0xC2, 0x7E, 0xCF, 0x8E, 0x2D,
    0xC5, 0x53, 0x3F, 0x4B, 0x78, 0xFE, 0x4B, 0xE4, 0xC3, 0x09, 0xCF, 0x29, 0xF0, 0x7C, 0x4B, 0x9F,
    0xD9, 0x02, 0xCF, 0xA8, 0xA7, 0x09, 0x07, 0x54, 0x2F, 0x7E, 0x2B, 0xD5, 0xA8, 0x37, 0xD2, 0xEF,
    0x1D, 0x68, 0x8B, 0xEE, 0x9B, 0x87, 0x5C, 0xAF, 0xE7, 0x7D, 0xD3, 0x24, 0x4B, 0x09, 0x57, 0x4D,
    0x86, 0x85, 0x86, 0x54, 0xF8, 0xB0, 0x35, 0x3A, 0xC9, 0xF0, 0x69, 0x37, 0xC3, 0x7B, 0xAD, 0x94,
    0x99, 0x52, 0xB8, 0x7B, 0x7D, 0x84, 0xB6, 0x91, 0x6B, 0xB1, 0x77, 0x80, 0x6D, 0xC2, 0x75, 0x1A,
    0x0B, 0x7E, 0x1A, 0xEA, 0x6F, 0x4F, 0xFD, 0xD1, 0x7E, 0xDE, 0x64, 0xAF, 0xA7, 0xE8, 0x6F, 0x4F,
    0x30, 0x18, 0x09, 0x16, 0x53, 0x9D, 0xF6, 0x63, 0xEB, 0xA4, 0x5C, 0x67, 0x58, 0xD4, 0xE9, 0x4C,
    0x1D, 0xC4, 0x37, 0x22, 0x9B, 0x2F, 0xD9, 0x79, 0xD4, 0x06, 0xD5, 0xE1, 0xDF, 0x5F, 0xCB, 0x01,
    0x63, 0xE2, 0x29, 0xD2, 0x25, 0x05, 0x87, 0x3E, 0x0A, 0x4D, 0x85, 0xA0, 0xA9, 0x74, 0x3B, 0xE8,
    0x25, 0x3E, 0x92, 0x2A, 0xFF, 0x75, 0xE3, 0xE7, 0xE0, 0x7D, 0x7A, 0xC5, 0xCE, 0x08, 0x8C, 0x7E,
    0x64, 0x1A, 0xC9, 0x25, 0x69, 0xE6, 0xAA, 0xAD, 0xF1, 0x49, 0xE8, 0x85, 0xF7, 0x4C, 0x19, 0x7A,
    0xC9, 0xE4, 0x9E, 0xDE, 0xED, 0x94, 0xE5, 0x42, 0xF6, 0x68, 0xFE, 0x94, 0xE0, 0xAE, 0x24, 0xDC,
    0x91, 0x1E, 0x0C, 0x2B, 0xC2, 0x5D, 0xDD, 0xAB, 0xF5, 0x86, 0x70, 0xD7, 0x10, 0xEE, 0x9A, 0xE6,
    0x58, 0x75, 0x91, 0x70, 0x77, 0x91, 0x70, 0xD7, 0x90, 0x79, 0xDA, 0xE8, 0xCA, 0xAB, 0xC9, 0x4C,
    0xAE, 0x07, 0x15, 0x51, 0x9D, 0xAC, 0x69, 0xDD, 0xA1, 0x69, 0xE2, 0x96, 0xEA, 0xD4, 0xF4, 0xCE,
    0x1B, 0xD2, 0xAB, 0x54, 0x8F, 0xEA, 0x54, 0x01, 0xD5, 0x8B, 0x9B, 0x41, 0x15, 0x4D, 0xE7, 0x51,
    0x5B, 0xC7, 0x50, 0xA7, 0x6A, 0xB9, 0xCE, 0x60, 0xEA, 0x94, 0x52, 0xA7, 0xDF, 0x50, 0x27, 0x9D,
    0xD5, 0x09, 0x4B, 0x0D, 0x4F, 0x95, 0xE0, 0xD9, 0x61, 0x93, 0x7D, 0x46, 0xB6, 0x28, 0xEB, 0xE6,
    0x15, 0x7A, 0xDA, 0x44, 0xBE, 0x34, 0x77, 0x90, 0x2F, 0x9F, 0x88, 0x9E, 0x4A, 0xC2, 0x71, 0x13,
    0xE4, 0x4B, 0xB4, 0x12, 0x6C, 0x42, 0x4F, 0x77, 0x53, 0xA7, 0x5D, 0xA9, 0xB3, 0x29, 0xCD, 0xD1,
    0xEF, 0x1F, 0x4B, 0x73, 0xF6, 0x77, 0xD0, 0xDC, 0x6D, 0x43, 0x73, 0x19, 0xA2, 0x6C, 0xAD, 0x1C,
    0x4B, 0x57, 0x68, 0x2E, 0xBD, 0x33, 0xCD, 0x59, 0x7A, 0x5B, 0xA5, 0x39, 0x7F, 0x46, 0x73, 0xBE,
    0x9A, 0xD9, 0xBF, 0x5B, 0xD0, 0x9C, 0x67, 0x69, 0xCE, 0xD8, 0xA9, 0x99, 0x58, 0xE0, 0xDE, 0xED,
    0x5C, 0x05, 0x6F, 0x96, 0x44, 0x73, 0x25, 0xD1, 0x1C, 0xDB, 0x89, 0x98, 0xD6, 0x26, 0xD8, 0xAE,
    0xD2, 0xDC, 0x05, 0xD2, 0x1F, 0x42, 0x73, 0xE3, 0x8C, 0xE6, 0xD2, 0xA0, 0x26, 0x1B, 0xAD, 0xE9,
    0x85, 0xE6, 0xA8, 0x4E, 0xB7, 0x4C, 0x73, 0x9D, 0xA1, 0xB9, 0x34, 0x22, 0x9A, 0xCB, 0x9A, 0x8E,
    0xE8, 0xB2, 0xDD, 0x92, 0x2E, 0x23, 0xA1, 0x4B, 0x77, 0xB8, 0x68, 0x68, 0xEE, 0xE2, 0x12, 0x5D,
    0x2E, 0xD1, 0xEE, 0x16, 0x75, 0xCA, 0xE0, 0x13, 0xD3, 0x65, 0xF7, 0x19, 0xD1, 0xE5, 0xC0, 0x3A,
    0xED, 0x2E, 0xE9, 0x52, 0xEA, 0xA4, 0x1F, 0x43, 0x97, 0xE9, 0x5D, 0xC8, 0x4B, 0xA1, 0xCB, 0xBF,
    0xAA, 0xB4, 0x1B, 0x5E, 0x67, 0xDA, 0xFD, 0x16, 0x68, 0xF7, 0x93, 0xCA, 0xCB, 0x54, 0xE4, 0xA5,
    0xA1, 0xDD, 0xF6, 0xE3, 0xE5, 0x25, 0xD5, 0xD9, 0x9C, 0xE6, 0x9A, 0x99, 0xBC, 0x6C, 0x89, 0xE6,
    0x4C, 0x9D, 0x74, 0xF3, 0x3A, 0xFE, 0x96, 0x75, 0xEA, 0x59, 0x9D, 0x8B, 0xB3, 0x3A, 0xAD, 0xA9,
    0xD3, 0x50, 0x1D, 0x8C, 0xAD, 0x64, 0x1B, 0xD1, 0xA5, 0xC1, 0x90, 0xD3, 0x7C, 0x5B, 0xD7, 0x3C,
    0x0B, 0xB5, 0x95, 0x5D, 0xB7, 0xAA, 0xCB, 0x17, 0x5B, 0x04, 0xDB, 0xE5, 0xFF, 0x66, 0xD3, 0xFF,
    0xFB, 0xC8, 0xE0, 0x2A, 0x31, 0x59, 0x72, 0xA4, 0xEB, 0xBD, 0xAE, 0x71, 0xFB, 0xC6, 0xED, 0x1A,
    0x8F, 0xA0, 0x5A, 0x5F, 0x08, 0xCB, 0x0B, 0xB1, 0xBA, 0x70, 0x19, 0xAB, 0x7D, 0xE4, 0x3F, 0x5D,
    0xB1, 0x21, 0xB4, 0xE9, 0x56, 0x4D, 0xED, 0xA1, 0xBE, 0x2A, 0x3D, 0xFD, 0x3F, 0x4E, 0xAC, 0x43,
    0xD6, 0x8F, 0xFD, 0x0F, 0x69, 0x34, 0xEA, 0xA3, 0x79, 0x05, 0xAD, 0x6E, 0x86, 0x4C, 0x49, 0x1B,
    0xFF, 0xC1, 0xA9, 0xD5, 0x76, 0x55, 0x05, 0x8B, 0xFF, 0xB7, 0xC9, 0x44, 0x0C, 0x7C, 0x1D, 0x68,
    0x8D, 0xD9, 0x37, 0x4D, 0xFA, 0x8A, 0xD0, 0x47, 0xD0, 0xAA, 0xFE, 0x9E, 0xAA, 0x76, 0xE0, 0xBF,
    0xDE, 0xA1, 0xF4, 0x0E, 0x47, 0x07, 0x91, 0x0E, 0xB5, 0x2E, 0x74, 0x87, 0x0A, 0xEF, 0xA2, 0xC2,
    0x6F, 0x2F, 0xB5, 0x53, 0xC9, 0x1D, 0x9C, 0xBB, 0x9B, 0xF3, 0xB8, 0x80, 0x5D, 0x2C, 0xBC, 0x13,
    0x7E, 0xB3, 0x43, 0x73, 0x17, 0x87, 0xFB, 0xD6, 0xB6, 0x11, 0x88, 0xFB, 0xAC, 0xE6, 0xAD, 0xAF,
    0xFA, 0x88, 0xBE, 0x31, 0xF4, 0xDE, 0xA8, 0x46, 0x02, 0xB5, 0x1C, 0x86, 0x86, 0x24, 0x59, 0x7F,
    0xC1, 0x27, 0x21, 0x73, 0x21, 0xEC, 0xBD, 0xE6, 0x42, 0xBC, 0x16, 0x96, 0x17, 0x2F, 0xAF, 0x25,
    0x04, 0xF8, 0xF5, 0x0E, 0xFB, 0x5E, 0x31, 0xE7, 0x1C, 0xA7, 0x04, 0xFE, 0x7D, 0x13, 0x7A, 0xF3,
    0x85, 0x03, 0x4C, 0x43, 0xE1, 0x53, 0xB0, 0xF9, 0x49, 0x36, 0xDB, 0x33, 0x13, 0x23, 0xB1, 0x05,
    0x9F, 0x8E, 0xE9, 0xD9, 0xC6, 0x97, 0x42, 0x0F, 0x49, 0x9E, 0x21, 0x65, 0x45, 0x52, 0x16, 0x64,
    0x4A, 0x56, 0x49, 0x89, 0xF5, 0xE9, 0x2A, 0x79, 0x5B, 0xA7, 0xFF, 0x1B, 0x61, 0xE1, 0xF6, 0x0F,
    0xC9, 0xEA, 0xA9, 0xC0, 0x99, 0xD3, 0xE9, 0xF6, 0x97, 0x7E, 0x82, 0x2F, 0x75, 0x02, 0x2E, 0x0B,
    0x34, 0x2E, 0xA0, 0xC6, 0x70, 0x79, 0xA6, 0x87, 0x98, 0x1B, 0x93, 0xC0, 0xF5, 0x9B, 0xDC, 0x09,
    0x9D, 0xF2, 0xE9, 0xFD, 0x3B, 0xF6, 0xD3, 0x9C, 0x52, 0x65, 0xA4, 0x8B, 0x59, 0xB1, 0xE7, 0xC8,
    0xED, 0x7D, 0xFC, 0x0D, 0x40, 0x1E, 0x7D, 0xCC, 0x39, 0x54, 0x02, 0xF7, 0x4F, 0x75, 0x26, 0x54,
    0x85, 0x4E, 0xCA, 0xD8, 0xD2, 0xC4, 0x79, 0x53, 0xFA, 0x1B, 0xC2, 0x19, 0x66, 0xE2, 0x80, 0x36,
    0x9D, 0x27, 0x29, 0x90, 0x46, 0x56, 0xE6, 0xE2, 0xEC, 0xF1, 0x59, 0x01, 0x85, 0x9A, 0x50, 0x05,
    0x2C, 0xC2, 0x0F, 0x02, 0x22, 0xFF, 0xC0, 0x6B, 0x14, 0x70, 0x19, 0xE2, 0xD9, 0x15, 0x84, 0xCE,
    0xF0, 0xAA, 0x62, 0x8C, 0x62, 0x79, 0x03, 0x48, 0xC5, 0x0A, 0xCC, 0x71, 0x5E, 0xFA, 0xDB, 0xF8,
    0x72, 0x25, 0xC8, 0xAB, 0x9E, 0x1D, 0xE9, 0x9B, 0xA3, 0x7C, 0x6C, 0xEE, 0xEA, 0x88, 0x16, 0x9A,
    0x08, 0x47, 0xAD, 0xDD, 0xF2, 0x09, 0x1C, 0xDF, 0xD2, 0x29, 0x27, 0xFC, 0x21, 0x9E, 0x77, 0x87,
    0xA8, 0xD6, 0x8F, 0xBB, 0x4D, 0xD0, 0xB4, 0x81, 0x5B, 0x91, 0x18, 0x9D, 0x8E, 0x41, 0x85, 0x63,
    0x58, 0x36, 0xA1, 0x5B, 0xC5, 0xE4, 0x71, 0xB8, 0xD5, 0x69, 0x62, 0x5D, 0xB7, 0x02, 0x4C, 0xDC,
    0xF7, 0x20, 0x8F, 0x1C, 0x4E, 0x17, 0xE3, 0xB0, 0x9E, 0xC4, 0xFC, 0x0F, 0x71, 0x32, 0x61, 0x2E,
    0x15, 0xC4, 0xDD, 0xCD, 0x51, 0x32, 0xC1, 0x61, 0x94, 0x29, 0x87, 0xE6, 0xE4, 0x74, 0xFC, 0x32,
    0x1F, 0xF7, 0x6E, 0x72, 0xFC, 0x1F, 0xF9, 0xD8, 0x37, 0x0F, 0xA8, 0xBD, 0x51, 0x8F, 0x87, 0x74,
    0x20, 0xDA, 0x12, 0x59, 0x54, 0xC8, 0x5B, 0x02, 0x9F, 0xE3, 0x98, 0xEB, 0xDF, 0xF6, 0xF4, 0x5B,
    0x79, 0x17, 0x78, 0x83, 0x4B, 0x1A, 0xCE, 0xD9, 0x87, 0xA3, 0xDA, 0x3B, 0x1D, 0x43, 0x3A, 0xF6,
    0x24, 0x83, 0xA8, 0x1D, 0x12, 0x43, 0xFB, 0xB8, 0x9D, 0x04, 0x2D, 0xB8, 0x2C, 0x4D, 0x3C, 0x86,
    0x89, 0xA7, 0xDF, 0xCC, 0x6F, 0x86, 0x1E, 0xF9, 0x73, 0xC4, 0x2C, 0x27, 0x71, 0x44, 0x1F, 0x36,
    0x3F, 0xF2, 0x58, 0xF6, 0x2E, 0xF6, 0x11, 0x9D, 0xE5, 0xE8, 0x52, 0x10, 0xF2, 0x01, 0x22, 0xDD,
    0xCA, 0x49, 0x0F, 0x80, 0xAC, 0xDD, 0x72, 0xE3, 0xA9, 0x96, 0x13, 0xE1, 0x24, 0x29, 0x49, 0xA6,
    0xB9, 0xAF, 0x92, 0xE0, 0x2F, 0xB4, 0xFB, 0x3E, 0xA7, 0x85, 0xF7, 0xB9, 0x23, 0x1D, 0xE2, 0x03,
    0xC1, 0x93, 0xD8, 0x0A, 0x56, 0x55, 0x49, 0x7B, 0x40, 0x81, 0x27, 0xE9, 0x3A, 0x12, 0x67, 0x7F,
    0x33, 0x3F, 0x00, 0x66, 0x74, 0xF9, 0x54, 0xCB, 0xE9, 0xB6, 0x9B, 0xAF, 0x97, 0x24, 0xFF, 0xDC,
    0x3C, 0x2B, 0x89, 0x27, 0xDD, 0x6B, 0x08, 0x53, 0xE3, 0x51, 0x11, 0x83, 0x23, 0x25, 0x8C, 0x6D,
    0xEC, 0xC3, 0x2A, 0x19, 0x9E, 0x05, 0x4F, 0x26, 0xD5, 0x01, 0xF0, 0xE4, 0x37, 0xCA, 0x2D, 0xFB,
    0x69, 0x4E, 0xA9, 0x5B, 0xEE, 0x06, 0xDA, 0x30, 0x29, 0xB8, 0xCD, 0x3C, 0x4F, 0xE2, 0x1E, 0x75,
    0xC0, 0xA9, 0x3D, 0xB2, 0x73, 0x22, 0xB5, 0x4E, 0x96, 0xC1, 0x65, 0xFA, 0xEB, 0xCD, 0x1F, 0xCA,
    0xA7, 0xE8, 0xBB, 0xFD, 0x98, 0x7F, 0xCE, 0x9D, 0x8A, 0x08, 0xFC, 0x0B, 0xA9, 0x3A, 0xC7, 0x5C,
    0x16, 0x60, 0x71, 0xBB, 0x76, 0x1B, 0xA7, 0x75, 0x5A, 0x9E, 0x12, 0xA2, 0x3F, 0x94, 0xDD, 0xC6,
    0xAD, 0xBD, 0xCA, 0x27, 0x3B, 0x64, 0x1F, 0x55, 0xCF, 0xD5, 0x58, 0xAF, 0xBC, 0xC6, 0x71, 0xD7,
    0xCA, 0x6B, 0x3C, 0xAA, 0xCC, 0x34, 0xB3, 0xD9, 0xD1, 0xCE, 0xD1, 0x8B, 0x0E, 0x87, 0x60, 0xF9,
    0xD3, 0xA2, 0x16, 0xC2, 0x5E, 0xE2, 0x9B, 0xF8, 0x26, 0x35, 0x39, 0x3A, 0x2F, 0x4E, 0x9B, 0x40,
    0xF8, 0xA3, 0x3C, 0xC3, 0x23, 0xE2, 0x55, 0xAA, 0xEC, 0x5D, 0x7B, 0x59, 0x30, 0x9A, 0xA6, 0xD0,
    0x28, 0x37, 0xCF, 0xD5, 0xCC, 0x2E, 0x0E, 0x58, 0x82, 0x9A, 0x8E, 0xF6, 0xCC, 0x49, 0x79, 0x9E,
    0xE4, 0xD8, 0xA6, 0x72, 0xE5, 0xC0, 0x3F, 0x28, 0x33, 0x73, 0x5E, 0xE4, 0x45, 0x9A, 0xA5, 0x19,
    0xC9, 0x0A, 0xFC, 0xAD, 0xAB, 0x87, 0x88, 0x7C, 0xBE, 0x40, 0x7F, 0x7B, 0xA9, 0xB4, 0x6E, 0xBE,
    0xCD, 0x54, 0x96, 0x16, 0x29, 0x04, 0x31, 0x1E, 0xBB, 0xA4, 0xD4, 0xCB, 0x64, 0xEB, 0x9E, 0x26,
    0x68, 0x1E, 0xE2, 0xA0, 0x81, 0x7D, 0xF4, 0xF7, 0x65, 0xF3, 0x77, 0x0F, 0xFD, 0xD9, 0x32, 0xBE,
    0xC7, 0xEF, 0xA8, 0x77, 0x9A, 0xAE, 0xF8, 0x7D, 0xD5, 0xB4, 0xB3, 0x57, 0xB3, 0xFC, 0x69, 0xDA,
    0x26, 0xBD, 0xDF, 0xBA, 0xA8, 0x39, 0x1B, 0xBF, 0xD8, 0x50, 0xE9, 0x1D, 0x6B, 0x94, 0x4F, 0xE2,
    0x69, 0x47, 0xD0, 0xAB, 0x2F, 0x7A, 0x83, 0x7A, 0x90, 0xE0, 0xF1, 0xB0, 0xA8, 0x0F, 0x7E, 0x68,
    0x4F, 0x52, 0x79, 0x64, 0xC5, 0xEC, 0x50, 0x61, 0xBB, 0x53, 0x05, 0xFD, 0x5E, 0xE5, 0x0D, 0x07,
    0x08, 0x64, 0xC7, 0xC5, 0xF0, 0x2E, 0xEC, 0xB4, 0xB3, 0x31, 0x15, 0xBF, 0x30, 0xDB, 0x92, 0xBD,
    0xD9, 0xBD, 0x9E, 0xC6, 0xBD, 0x3A, 0xB5, 0x73, 0x93, 0x7B, 0x6D, 0x78, 0xC1, 0x34, 0xC4, 0x5A,
    0x1F, 0xDE, 0xFB, 0x4D, 0x7B, 0x58, 0x47, 0xC0, 0x7B, 0xFF, 0xE6, 0x97, 0x7C, 0xEA, 0xFE, 0xDE,
    0x94, 0x0D, 0x81, 0x58, 0x29, 0xE7, 0x75, 0xBC, 0x3D, 0xBC, 0xB0, 0x72, 0xAC, 0xB3, 0xE4, 0x81,
    0xCF, 0xDB, 0xF5, 0x59, 0x89, 0xAA, 0x02, 0x79, 0xA9, 0x71, 0x46, 0x1E, 0x9B, 0xBC, 0x38, 0xE1,
    0x43, 0xD0, 0xD8, 0x83, 0xE4, 0x7F, 0x68, 0x6D, 0xBC, 0x8F, 0x44, 0xF4, 0xB4, 0x9B, 0x5F, 0x7A,
    0xC8, 0xAC, 0x01, 0x83, 0x20, 0xCF, 0x2A, 0x43, 0xC9, 0x72, 0x53, 0xEE, 0x3F, 0xC7, 0x4B, 0x5B,
    0x32, 0x65, 0x6A, 0xE6, 0xE8, 0x60, 0x0E, 0xB8, 0x5D, 0x21, 0x4B, 0xB5, 0xF5, 0xAB, 0xB5, 0xFB,
    0x9F, 0xDC, 0xA9, 0x2F, 0xCE, 0x72, 0xFF, 0x9C, 0xF6, 0x0E, 0x97, 0xAF, 0x10, 0x3C, 0xDF, 0x3C,
    0x39, 0xCB, 0x8C, 0x64, 0x63, 0x10, 0x4D, 0x08, 0x9A, 0x00, 0x14, 0x1D, 0x17, 0x20, 0x22, 0x5C,
    0xB0, 0x36, 0xE3, 0x59, 0x5F, 0xDE, 0xBC, 0xF5, 0x71, 0x4C, 0x65, 0x5F, 0xEB, 0x13, 0x40, 0x9C,
    0x0D, 0x38, 0xC3, 0x8D, 0xE4, 0x26, 0xEF, 0x9A, 0x50, 0x48, 0xDE, 0x89, 0x7B, 0xD6, 0x42, 0xC8,
    0x28, 0xDA, 0xA0, 0xC5, 0xEE, 0xB5, 0x84, 0x14, 0x79, 0xED, 0xEA, 0xD4, 0x1F, 0xB0, 0xBA, 0x93,
    0xA4, 0x58, 0x8E, 0xC2, 0x6A, 0x1A, 0xCF, 0x2F, 0x62, 0x99, 0xBF, 0x41, 0xC0, 0x1C, 0x00, 0x4E,
    0xC4, 0x4B, 0x95, 0xE9, 0x12, 0xBF, 0x93, 0xF4, 0x70, 0x00, 0xF9, 0x01, 0x14, 0x8E, 0xF3, 0x01,
    0x8B, 0x6A, 0x17, 0x0E, 0x62, 0x6D, 0xE4, 0x21, 0x38, 0x38, 0xE4, 0xDA, 0x84, 0xA9, 0x87, 0xDC,
    0x24, 0xEA, 0xEA, 0xCB, 0xAD, 0xB2, 0xCB, 0x96, 0x10, 0x49, 0xF4, 0x91, 0x7F, 0xA0, 0x2A, 0x41,
    0xCA, 0x95, 0xF9, 0x32, 0x6E, 0xA0, 0xB1, 0xED, 0x3D, 0x5B, 0x73, 0x7E, 0x27, 0x48, 0x25, 0xB2,
    0xD7, 0x88, 0x71, 0x6E, 0xBD, 0xDC, 0xE3, 0x8A, 0x07, 0xB0, 0x6D, 0xC0, 0x4D, 0xB1, 0x9B, 0x3B,
    0x07, 0x10, 0x76, 0xA7, 0x56, 0xAD, 0x92, 0x4E, 0x50, 0x9E, 0x7A, 0x20, 0x25, 0xD6, 0xF0, 0x6F,
    0x7D, 0xAB, 0x33, 0x29, 0x61, 0xF6, 0xDC, 0x5C, 0x8E, 0xBC, 0x9B, 0xB0, 0xCE, 0x3B, 0xDE, 0x38,
    0xE0, 0x7E, 0x17, 0x28, 0x68, 0x2F, 0x20, 0x78, 0x20, 0x83, 0x71, 0x82, 0xC0, 0xF2, 0x0A, 0xC9,
    0x11, 0x4A, 0xE4, 0xEB, 0x48, 0xB7, 0xBF, 0xB4, 0x35, 0x11, 0xDC, 0x2D, 0xBE, 0x56, 0x5F, 0x4F,
    0x48, 0xF4, 0x38, 0x9E, 0xF6, 0x98, 0x3E, 0x0C, 0x94, 0x1D, 0x07, 0x0D, 0x23, 0x60, 0xF0, 0x03,
    0x4C, 0xBD, 0xFE, 0x24, 0x35, 0x5B, 0x6C, 0xB8, 0x93, 0x0B, 0xFA, 0x94, 0x21, 0xF0, 0x4E, 0x76,
    0xBB, 0xC1, 0x30, 0x93, 0x58, 0x02, 0xCF, 0x44, 0x0F, 0x84, 0x5A, 0x76, 0x52, 0x48, 0xD0, 0x29,
    0xEC, 0xD1, 0xFF, 0xF6, 0x29, 0xCE, 0x74, 0x99, 0x72, 0x94, 0x07, 0x87, 0x9F, 0x04, 0xAD, 0xC4,
    0xA1, 0x39, 0xBD, 0xD9, 0xA7, 0x7C, 0xCA, 0x48, 0x93, 0xFD, 0x30, 0xDF, 0x11, 0x4C, 0x83, 0x6C,
    0x0D, 0x1A, 0xE1, 0x56, 0xC7, 0xF9, 0xEC, 0xE5, 0x17, 0xE4, 0x5C, 0x56, 0x2C, 0x78, 0x9C, 0xF2,
    0xAC, 0x39, 0xDB, 0xEF, 0x6D, 0x3D, 0x7B, 0x9D, 0x6D, 0xC7, 0xB6, 0x6B, 0xEF, 0x63, 0xEF, 0x8B,
    0x48, 0x4D, 0xC4, 0x20, 0xD9, 0x7E, 0xD9, 0x7E, 0x4E, 0xFD, 0xB6, 0xE3, 0xB0, 0xE3, 0xB2, 0xE3,
    0x9C, 0xC6, 0x3D, 0xDB, 0xD0, 0xDF, 0xAE, 0x6E, 0x66, 0x9C, 0xB6, 0x51, 0x2C, 0x36, 0xF4, 0x3F,
    0x6E, 0x1C, 0xC5, 0xC1, 0x33, 0x89, 0x6E, 0x3B, 0x13, 0xAE, 0xE1, 0xD7, 0xBB, 0x33, 0xB3, 0x47,
    0xBF, 0x95, 0xC8, 0xEF, 0xC4, 0x1B, 0x02, 0xAE, 0x7D, 0x39, 0xD4, 0xAE, 0x48, 0x85, 0x58, 0x97,
    0x1C, 0x6E, 0x5B, 0x15, 0xBA, 0x81, 0xE0, 0x0C, 0x9F, 0xD3, 0x8F, 0x23, 0x30, 0x4A, 0xAD, 0xFB,
    0x64, 0x22, 0x23, 0x66, 0xE0, 0x12, 0x31, 0x4A, 0x71, 0xB8, 0x55, 0x4E, 0x93, 0xBC, 0xDA, 0xC5,
    0xE5, 0x65, 0x72, 0xFD, 0x0B, 0x6A, 0x87, 0x8C, 0xAF, 0xD0, 0xED, 0xFC, 0xD1, 0xE9, 0x83, 0x72,
    0xCD, 0xAF, 0x09, 0x9D, 0xA7, 0xBD, 0xBA, 0x8D, 0xF0, 0xCC, 0xBC, 0x28, 0xEF, 0x8E, 0x6E, 0x13,
    0x91, 0x7D, 0xEF, 0x89, 0xB0, 0xA4, 0x6F, 0xE2, 0xC3, 0xCD, 0x7E, 0xAF, 0xA1, 0x3A, 0x57, 0xFC,
    0x2A, 0x38, 0xDC, 0xFB, 0xA3, 0xDB, 0x21, 0x87, 0x56, 0x86, 0xFE, 0xAC, 0x63, 0x59, 0xE9, 0xD5,
    0x2E, 0x41, 0x3F, 0x4E, 0xD2, 0xBD, 0x34, 0x96, 0x6B, 0x63, 0xB2, 0xDA, 0x06, 0xA4, 0xF7, 0x09,
    0x73, 0xFD, 0x38, 0xB6, 0x4A, 0x10, 0x5F, 0x65, 0x9A, 0xA3, 0x3F, 0xA6, 0x3E, 0xAB, 0x53, 0xA1,
    0x96, 0x00, 0xE3, 0xD8, 0xEB, 0x83, 0xCA, 0x8C, 0x54, 0x22, 0x75, 0xBC, 0xC6, 0x8C, 0xDD, 0xB1,
    0xD0, 0x50, 0x57, 0x0C, 0x7C, 0x08, 0x62, 0xD5, 0xCA, 0xAE, 0xCF, 0x09, 0xAA, 0x8B, 0x0D, 0xE7,
    0xED, 0x6A, 0x72, 0x85, 0x7B, 0x56, 0x12, 0x72, 0x15, 0x36, 0x5F, 0x9C, 0x49, 0x5B, 0x60, 0xB2,
    0x28, 0x44, 0x66, 0xB7, 0x4F, 0xF6, 0x03, 0x69, 0x93, 0xF4, 0x7E, 0x29, 0xD4, 0xCE, 0x7B, 0x2C,
    0x48, 0x17, 0xF3, 0x8E, 0x8A, 0x98, 0xE3, 0x84, 0xA0, 0xEF, 0xD6, 0xA1, 0xF3, 0x9C, 0x01, 0xCB,
    0x93, 0x25, 0x96, 0xA2, 0x35, 0x52, 0x68, 0x12, 0x31, 0xE9, 0x92, 0x3A, 0x4E, 0x94, 0x96, 0x61,
    0xBE, 0x46, 0xB2, 0x81, 0xE1, 0x99, 0x3B, 0x48, 0xC0, 0xF9, 0x17, 0x7B, 0xA8, 0xB9, 0xF4, 0x89,
    0xFE, 0xEA, 0xAD, 0x7E, 0x29, 0x24, 0x82, 0xA3, 0x5E, 0x79, 0x57, 0xC4, 0x02, 0x65, 0x26, 0xBF,
    0x55, 0xAB, 0xBF, 0xE3, 0x9A, 0x2F, 0x18, 0x93, 0x01, 0x2B, 0x37, 0xA0, 0x49, 0xA0, 0xD2, 0xB1,
    0x13, 0x7D, 0x00, 0x30, 0x82, 0x98, 0x91, 0xF8, 0x48, 0xF7, 0x1C, 0x45, 0x8E, 0x2D, 0x36, 0x01,
    0x27, 0x67, 0xAD, 0x78, 0xA3, 0x46, 0xC2, 0xCF, 0x59, 0x12, 0xC9, 0x33, 0x4D, 0x83, 0xF1, 0x72,
    0x7A, 0xCE, 0x71, 0x0B, 0x21, 0xE7, 0x6E, 0xED, 0x49, 0x1C, 0xC3, 0x4E, 0x27, 0xF3, 0xBA, 0x73,
    0xB1, 0x21, 0x9B, 0xF9, 0x17, 0xA1, 0x2C, 0x88, 0x60, 0x67, 0x52, 0xBB, 0x2C, 0xB6, 0xC5, 0x36,
    0xC8, 0xB4, 0x1D, 0x45, 0xB3, 0x5F, 0xB7, 0x57, 0x34, 0x3C, 0xCC, 0x7E, 0xCF, 0xBB, 0x1D, 0x62,
    0x0D, 0x4C, 0x38, 0xA3, 0xC4, 0x6E, 0x96, 0x68, 0x3E, 0x4E, 0x4D, 0xE0, 0xE6, 0x15, 0x8E, 0x78,
    0xEC, 0xAD, 0xEA, 0xDD, 0xC6, 0x3D, 0xDF, 0x4B, 0x96, 0xD3, 0x49, 0x47, 0xFF, 0xB8, 0xC3, 0xE3,
    0xA6, 0xD8, 0xD3, 0x8E, 0xDF, 0x6E, 0x24, 0xCA, 0x01, 0x66, 0xC5, 0xB4, 0xFA, 0x90, 0x6E, 0x23,
    0xAF, 0x38, 0xA9, 0x63, 0xF8, 0x9D, 0x0A, 0x0F, 0xD8, 0xE2, 0x84, 0x76, 0x34, 0xCA, 0x3D, 0x7F,
    0xDC, 0x4A, 0xD7, 0xE0, 0x54, 0x22, 0x14, 0x08, 0xBC, 0x8B, 0x77, 0x64, 0x2C, 0xA1, 0xC4, 0x4C,
    0xF8, 0x99, 0x65, 0x77, 0x3C, 0xB4, 0x11, 0xD0, 0x93, 0x34, 0xA8, 0x50, 0x2E, 0x64, 0xAE, 0x11,
    0x00, 0x46, 0x0F, 0x5B, 0x51, 0x10, 0xB9, 0x89, 0xF9, 0x29, 0xDE, 0xF4, 0xE2, 0x8C, 0xD1, 0x94,
    0x0B, 0x62, 0xFF, 0x64, 0xBC, 0x70, 0x48, 0xD4, 0x49, 0x28, 0xDC, 0x4B, 0x58, 0x39, 0x43, 0x04,
    0x53, 0x89, 0x08, 0xA0, 0x37, 0x1B, 0x49, 0xB1, 0xE1, 0x70, 0x3C, 0x51, 0xF6, 0xEB, 0x95, 0x8D,
    0x27, 0xE2, 0xC8, 0x22, 0x0E, 0xBE, 0xE3, 0x43, 0x94, 0xD2, 0xD0, 0x11, 0xD0, 0x8A, 0xA8, 0x2E,
    0x8C, 0x86, 0x86, 0xC3, 0xAB, 0xCB, 0xBD, 0xC9, 0xA4, 0x09, 0x48, 0x1A, 0x03, 0x85, 0x65, 0x14,
    0xC3, 0x9D, 0x0F, 0x12, 0xC1, 0x54, 0xD9, 0x8C, 0x3F, 0x7C, 0xE0, 0xC0, 0xC5, 0x38, 0xB5, 0xB1,
    0xC7, 0x1C, 0xCD, 0x99, 0x99, 0x9D, 0x5D, 0x90, 0xA9, 0x92, 0x5F, 0xB0, 0xC1, 0xD4, 0x65, 0xD6,
    0x61, 0x28, 0x45, 0x7F, 0x9A, 0x65, 0xEE, 0x30, 0x25, 0x09, 0x09, 0xBA, 0x93, 0x36, 0xA1, 0xCF,
    0x14, 0xB8, 0xDC, 0x2C, 0x8E, 0x1C, 0x6D, 0x72, 0x14, 0xF0, 0x0A, 0x7A, 0xE0, 0x24, 0x1A, 0x65,
    0xBF, 0x1E, 0x44, 0x2A, 0x03, 0xCB, 0x64, 0x51, 0x76, 0xC7, 0xA7, 0x27, 0xD3, 0x56, 0x99, 0x04,
    0x2E, 0xB2, 0x19, 0xED, 0xE4, 0x94, 0xB9, 0xE2, 0x5E, 0xCC, 0xF0, 0x31, 0xD4, 0x08, 0x58, 0xAF,
    0xF2, 0x5E, 0xB0, 0xB7, 0x1A, 0x9B, 0x9B, 0x44, 0x20, 0xA7, 0xB2, 0xE7, 0x2B, 0x65, 0xC1, 0x66,
    0x33, 0x25, 0xCB, 0xB6, 0xAA, 0xD4, 0x36, 0x1F, 0xE5, 0x6C, 0x7B, 0x03, 0x78, 0x04, 0x3D, 0x08,
    0x07, 0x7D, 0xAB, 0x9F, 0xD2, 0xDD, 0x49, 0x76, 0x14, 0xE7, 0xBF, 0x63, 0x3A, 0x93, 0x04, 0x7E,
    0x22, 0x26, 0x25, 0x60, 0x54, 0x34, 0x40, 0x58, 0x2D, 0x9A, 0x17, 0xE5, 0x20, 0x82, 0x93, 0xA1,
    0x68, 0xB2, 0xDD, 0x89, 0x04, 0x95, 0xEC, 0x20, 0x22, 0xD5, 0x2E, 0x59, 0xF3, 0x9D, 0x6B, 0xE9,
    0x6A, 0x2F, 0x0B, 0xC0, 0xCB, 0x38, 0xFE, 0x98, 0x47, 0xC6, 0x52, 0x50, 0x76, 0xCA, 0x6F, 0x4B,
    0x05, 0x7C, 0xF5, 0x6C, 0xFA, 0xA3, 0x5C, 0x1C, 0x31, 0xB1, 0xEC, 0xA4, 0x98, 0x4E, 0x8E, 0x9B,
    0x70, 0x03, 0x76, 0x78, 0x57, 0x84, 0xBE, 0xC2, 0xD8, 0x59, 0x9B, 0x01, 0xF1, 0xD2, 0x4C, 0x38,
    0xAF, 0x60, 0xC7, 0x1F, 0x3C, 0xDE, 0x0A, 0xE4, 0x33, 0x5E, 0x38, 0xED, 0x89, 0x96, 0x88, 0x6F,
    0xE0, 0xC8, 0x19, 0x9F, 0x4E, 0x17, 0x99, 0x4D, 0x36, 0xC7, 0xD1, 0xBD, 0x8C, 0x23, 0x83, 0x9D,
    0x92, 0xB1, 0xF3, 0xE6, 0x1C, 0x3B, 0xB8, 0x55, 0xF6, 0xEB, 0xB2, 0x37, 0xEF, 0x0E, 0x38, 0x8A,
    0x72, 0x9E, 0xF8, 0x66, 0x75, 0xAA, 0xDB, 0xD3, 0x6C, 0xAA, 0x0C, 0x32, 0x37, 0xC7, 0xD8, 0x61,
    0xFB, 0xFB, 0x68, 0x2F, 0xDA, 0x69, 0xB1, 0xCB, 0xC0, 0xDB, 0x88, 0xA9, 0x19, 0x8E, 0x0C, 0xA6,
    0xF2, 0x3B, 0x61, 0xEA, 0xD4, 0xB2, 0x25, 0x76, 0xD4, 0x66, 0x3D, 0x38, 0xCE, 0xFA, 0x89, 0x9F,
    0x57, 0x11, 0xEA, 0x17, 0x4C, 0xB8, 0x60, 0x39, 0x4B, 0x9B, 0x53, 0x3C, 0x96, 0xCF, 0x53, 0xBA,
    0x84, 0x4B, 0x29, 0x5F, 0x4C, 0x7C, 0xB5, 0xE4, 0xFD, 0x91, 0x59, 0xCB, 0xD3, 0x2C, 0x05, 0x1C,
    0xCD, 0x0F, 0xDC, 0x70, 0x75, 0x25, 0xBB, 0xB2, 0xDE, 0x69, 0x65, 0x8B, 0xA5, 0xEC, 0x27, 0xB9,
    0x25, 0xFB, 0x74, 0x1E, 0xA9, 0xE7, 0x39, 0xF2, 0xCC, 0x1E, 0x40, 0x9B, 0x4A, 0x35, 0x5F, 0x64,
    0x94, 0x09, 0x2A, 0xBE, 0x5D, 0xD2, 0x32, 0x82, 0x32, 0x0E, 0xE4, 0x55, 0xC5, 0x20, 0x3B, 0xD8,
    0x44, 0xA7, 0x46, 0xA3, 0xC0, 0xEC, 0xEC, 0xE5, 0xA5, 0x94, 0x0F, 0xED, 0x7C, 0x03, 0xB6, 0xC9,
    0xE1, 0xCC, 0xD2, 0xCD, 0x6D, 0xF9, 0xAE, 0xE1, 0x60, 0x12, 0x67, 0x07, 0x72, 0xCA, 0x4A, 0x31,
    0xC2, 0x24, 0xF9, 0x92, 0x3C, 0xBC, 0xE3, 0x57, 0x62, 0x63, 0x1A, 0xA8, 0x19, 0x61, 0xD8, 0xAD,
    0xA4, 0x27, 0x67, 0x99, 0x67, 0xAE, 0x2A, 0x71, 0x1B, 0x73, 0x96, 0x4C, 0xFA, 0x9A, 0xEC, 0x44,
    0xFB, 0x51, 0x33, 0x4B, 0x30, 0xA4, 0x6F, 0xF3, 0x90, 0xEF, 0xF3, 0x2B, 0xB5, 0xA0, 0x11, 0x9B,
    0xA3, 0xCC, 0xE4, 0x2C, 0x13, 0x56, 0x16, 0x32, 0x14, 0x66, 0x36, 0xDC, 0x6C, 0xD8, 0x99, 0x28,
    0xA6, 0x9F, 0xE5, 0xAF, 0x34, 0xC9, 0x8C, 0x82, 0x7F, 0xD1, 0x2D, 0xED, 0x4A, 0x69, 0xE6, 0x27,
    0x13, 0x0D, 0x2E, 0x34, 0x33, 0xDD, 0xCE, 0x6C, 0xBE, 0xCC, 0x67, 0x5C, 0x6B, 0x07, 0x69, 0x4E,
    0xA7, 0xD5, 0x8C, 0xCB, 0x67, 0x29, 0xA1, 0xAD, 0xC1, 0x59, 0xCB, 0x2C, 0x6E, 0xD4, 0x0B, 0xEE,
    0x92, 0x41, 0x86, 0x90, 0x8C, 0x85, 0x49, 0xDD, 0x6A, 0x72, 0xB1, 0xDB, 0x2C, 0x42, 0x4F, 0x1C,
    0x5A, 0x49, 0xD0, 0x73, 0x72, 0x25, 0x73, 0x4F, 0x37, 0xB7, 0xB0, 0xC8, 0x3C, 0x33, 0xA9, 0x5E,
    0x5D, 0xF3, 0xE4, 0xD9, 0xC7, 0x6A, 0x33, 0x9D, 0x5D, 0xA9, 0x05, 0xA1, 0x12, 0xC4, 0x5F, 0x97,
    0xA1, 0xDC, 0x67, 0x93, 0x35, 0xDA, 0x3C, 0x44, 0xE1, 0x4A, 0xCA, 0x22, 0x6B, 0x9F, 0xAD, 0x9B,
    0xD1, 0x1D, 0x52, 0x0B, 0x52, 0x85, 0xB0, 0xEA, 0x65, 0xAB, 0xE9, 0x7B, 0x36, 0xD3, 0x6C, 0xBB,
    0x94, 0x48, 0x6A, 0xBB, 0x7D, 0xCE, 0x8B, 0x57, 0x2F, 0x27, 0x77, 0xB4, 0x99, 0x1C, 0x83, 0x72,
    0x9E, 0x7C, 0x6E, 0x7B, 0x2A, 0xE7, 0xB8, 0x11, 0x8C, 0x66, 0x9D, 0x10, 0x52, 0x21, 0xC1, 0xDE,
    0x46, 0x90, 0x01, 0x81, 0x26, 0x49, 0x7D, 0x77, 0xF9, 0x4E, 0xD0, 0x58, 0xE4, 0x20, 0x17, 0x68,
    0x10, 0x05, 0x0B, 0x34, 0x06, 0xE9, 0x06, 0xD1, 0xB0, 0x39, 0x9B, 0xA4, 0xF9, 0x06, 0x3A, 0x9E,
    0x7E, 0x45, 0xA0, 0xF2, 0x84, 0x21, 0x2C, 0x23, 0xE0, 0x26, 0x24, 0x4F, 0x59, 0x88, 0x4F, 0x2D,
    0xDD, 0xFE, 0xAA, 0xE4, 0x55, 0x22, 0x72, 0x96, 0x08, 0x7E, 0x7D, 0x4D, 0x24, 0x91, 0xFE, 0x5E,
    0xB3, 0x94, 0x32, 0xCB, 0x9E, 0xEF, 0xB3, 0x5B, 0x0E, 0x82, 0x6A, 0x39, 0xF3, 0x9E, 0x3D, 0x1B,
    0x42, 0x33, 0x94, 0xB6, 0xCD, 0xDC, 0x9E, 0x55, 0x3D, 0x6F, 0x94, 0x10, 0x62, 0xD3, 0xDD, 0x60,
    0x9A, 0xB5, 0x59, 0x81, 0x4D, 0xD6, 0xFE, 0x1F, 0x1A, 0xF3, 0xDB, 0x3E, 0x77, 0xDB, 0xB5, 0xC9,
    0x62, 0x9A, 0xE5, 0xF3, 0x27, 0xEB, 0xC6, 0x02, 0x0A, 0xF6, 0x7C, 0x7A, 0x05, 0x1A, 0x9B, 0xBE,
    0xA2, 0xDC, 0x37, 0x1B, 0xA9, 0x1B, 0x03, 0x4D, 0xDD, 0x5E, 0xB5, 0x5B, 0x9A, 0x06, 0x9B, 0xD6,
    0xCA, 0x3E, 0x66, 0xA1, 0x37, 0xAA, 0x71, 0xC7, 0xD9, 0x76, 0xCB, 0xCC, 0x14, 0x53, 0xB6, 0x79,
    0x77, 0x25, 0x63, 0x68, 0x50, 0x1B, 0xF2, 0x8A, 0x7B, 0x43, 0xDE, 0x49, 0x6F, 0x30, 0x99, 0x8C,
    0x85, 0x4D, 0x59, 0x31, 0xA5, 0x80, 0xB6, 0xDD, 0x4F, 0xD7, 0x36, 0x24, 0xC3, 0x3A, 0x61, 0x0B,
    0x97, 0x36, 0x38, 0x32, 0x8D, 0x9A, 0x33, 0x1C, 0x71, 0x96, 0xC9, 0x84, 0x4F, 0x1A, 0xD3, 0xC8,
    0x0C, 0xFD, 0x4A, 0xA9, 0xE6, 0x4C, 0x27, 0xF9, 0xCE, 0xF9, 0x75, 0xEF, 0x22, 0x6B, 0xEA, 0x86,
    0x8C, 0x60, 0x53, 0xB2, 0xB0, 0xFD, 0x6A, 0x79, 0x0F, 0xFE, 0x3D, 0xB6, 0x5F, 0x45, 0x7A, 0xD2,
    0xEE, 0x40, 0x37, 0xCF, 0x60, 0xD1, 0x37, 0xDA, 0xE5, 0xAC, 0x6C, 0xCE, 0xF4, 0xC0, 0x96, 0xEC,
    0xCD, 0x5A, 0x2D, 0xF3, 0xDE, 0x66, 0xF9, 0x54, 0xCB, 0xE5, 0x24, 0x90, 0xDB, 0xAD, 0x3C, 0x48,
    0x4A, 0xD3, 0x9D, 0x62, 0x81, 0xB5, 0xD3, 0x16, 0x59, 0xC3, 0x4A, 0x6E, 0xB8, 0xA0, 0xBD, 0xBC,
    0x9A, 0x3F, 0x48, 0x6D, 0x40, 0xDF, 0xF4, 0x58, 0x00, 0x03, 0x2F, 0xE7, 0x9C, 0x91, 0x0D, 0x62,
    0x0E, 0xB2, 0x62, 0xB2, 0x8F, 0x7A, 0xD3, 0xF1, 0x94, 0x86, 0x2E, 0x5F, 0xC9, 0xD7, 0xF7, 0x6F,
    0x63, 0xB5, 0x42, 0x85, 0x13, 0x53, 0x2E, 0x72, 0x16, 0x9C, 0x5C, 0x49, 0x73, 0x76, 0x45, 0xD9,
    0x04, 0xBF, 0xA9, 0x85, 0xD7, 0x35, 0x9B, 0xCE, 0xEE, 0xFB, 0xCD, 0x06, 0x08, 0x1A, 0xC0, 0xFD,
    0x75, 0xBF, 0xDA, 0x00, 0xA6, 0x15, 0x78, 0x4D, 0x2A, 0x68, 0x12, 0x15, 0x46, 0x0D, 0xC1, 0xE7,
    0x31, 0xFD, 0xD2, 0x8D, 0x49, 0x42, 0xAD, 0x3F, 0xEA, 0x57, 0xC9, 0xDD, 0x26, 0xE0, 0xDB, 0x3E,
    0xA5, 0xFD, 0xB7, 0xBC, 0x3A, 0x31, 0xE9, 0xA2, 0x60, 0xD9, 0x75, 0xE2, 0xD7, 0x59, 0x77, 0x4A,
    0xB5, 0xCC, 0xB2, 0x13, 0xCF, 0x2E, 0xC0, 0x34, 0x15, 0x2C, 0xDD, 0x2F, 0xF8, 0xF6, 0xDE, 0x59,
    0x0C, 0xAB, 0x14, 0xA6, 0x55, 0xF3, 0xEA, 0xCF, 0x53, 0xBA, 0x75, 0xDE, 0xBC, 0xAA, 0x69, 0x93,
    0xC4, 0x67, 0x5E, 0xFA, 0x6C, 0x7A, 0x3A, 0x3D, 0x1E, 0xBE, 0x4A, 0x6D, 0x10, 0xFA, 0xC7, 0x1C,
    0x30, 0xB6, 0xB3, 0x92, 0xF8, 0xFC, 0x2E, 0x0F, 0x77, 0xD1, 0x28, 0x77, 0xE3, 0x7E, 0x6A, 0xF9,
    0x1C, 0xE7, 0x82, 0xC9, 0x3E, 0xFE, 0x90, 0x68, 0xF3, 0x08, 0xFB, 0xDD, 0xD3, 0xEC, 0xDF, 0xD6,
    0x07, 0xEC, 0xF4, 0x6C, 0x3E, 0x51, 0x9F, 0xEF, 0xA2, 0x51, 0x93, 0x48, 0xEC, 0x68, 0x15, 0xF4,
    0x6D, 0x34, 0x5E, 0x8D, 0x35, 0x69, 0x6B, 0x12, 0x0D, 0xF1, 0x9E, 0x5A, 0xB6, 0x3E, 0xCA, 0x6E,
    0x49, 0x9F, 0x77, 0x4B, 0x7A, 0x0D, 0x7B, 0xA4, 0xBC, 0x6B, 0x0A, 0x9E, 0x7C, 0x66, 0x77, 0x55,
    0xF2, 0xFE, 0xD6, 0x46, 0xB2, 0x3D, 0x36, 0xEA, 0x6E, 0xDE, 0x53, 0x7D, 0x7A, 0xFD, 0x3C, 0x13,
    0x59, 0x9E, 0x99, 0xDD, 0xC0, 0xA1, 0xE4, 0x19, 0xD8, 0xEA, 0x04, 0xF1, 0xB5, 0xFD, 0xFC, 0xF9,
    0xEF, 0x80, 0xD9, 0x25, 0x69, 0x8D, 0xF9, 0xF2, 0x0E, 0xD7, 0xFD, 0xFC, 0x2B, 0xD4, 0xF2, 0xE2,
    0x0E, 0xEA, 0xE8, 0x39, 0xBF, 0xBF, 0x14, 0x8E, 0x59, 0xA4, 0x09, 0x01, 0xA1, 0x1E, 0x82, 0xA7,
    0xDF, 0xF5, 0x72, 0xDE, 0x4D, 0x44, 0x1D, 0x7A, 0x96, 0xED, 0xFB, 0x5D, 0xBC, 0xAC, 0xEB, 0x95,
    0x7B, 0x7E, 0x50, 0x65, 0xE8, 0x6A, 0xA7, 0x3F, 0xEC, 0xC9, 0x51, 0x4F, 0xAA, 0x90, 0x27, 0xF5,
    0xEE, 0x4F, 0x9F, 0x81, 0xB0, 0x79, 0x0D, 0x7B, 0x80, 0x9E, 0x1E, 0xA3, 0x46, 0xED, 0x8C, 0xFA,
    0xB0, 0x55, 0xFB, 0x92, 0x86, 0x8E, 0x0F, 0x27, 0x75, 0xD4, 0xAA, 0xDD, 0x05, 0xD2, 0x74, 0xC8,
    0x86, 0x5A, 0x07, 0x39, 0x54, 0x10, 0xDB, 0x8B, 0x59, 0x54, 0x8D, 0x59, 0xD1, 0x40, 0x63, 0x45,
    0x2F, 0x64, 0xD3, 0x2B, 0x6A, 0x31, 0x8F, 0x26, 0xA9, 0x60, 0x24, 0xEB, 0x49, 0xB1, 0x48, 0x13,
    0xE0, 0xB0, 0xEC, 0x9C, 0xA4, 0x35, 0x5E, 0xDF, 0x51, 0xE9, 0x3D, 0xD4, 0x4C, 0xD4, 0xE8, 0x7C,
    0x57, 0xA2, 0x6F, 0xEB, 0xF2, 0x60, 0xF2, 0xE6, 0x18, 0x95, 0xC7, 0x8B, 0x47, 0xFB, 0xB8, 0xAC,
    0xB4, 0xDF, 0x26, 0xB9, 0x33, 0xE0, 0xE1, 0x33, 0x5E, 0x1F, 0x56, 0x85, 0xF2, 0xDA, 0xB8, 0x1C,
    0xB0, 0x9B, 0xED, 0xB9, 0xFE, 0xE1, 0xB0, 0xCE, 0xBC, 0xEE, 0x5C, 0x54, 0x8E, 0xDE, 0xAD, 0x92,
    0x3E, 0x4B, 0x12, 0x14, 0x77, 0x69, 0xFF, 0xB4, 0x64, 0x0B, 0x76, 0x86, 0x58, 0x94, 0x03, 0x5B,
    0xB8, 0x74, 0x2B, 0xEE, 0x45, 0xC5, 0xF5, 0xB3, 0xF2, 0xC1, 0xA9, 0x7B, 0x26, 0xB1, 0xB6, 0xF3,
    0x4B, 0xFA, 0x37, 0xCD, 0x74, 0x6E, 0xBA, 0x48, 0xAE, 0x62, 0xB2, 0x47, 0x99, 0xE4, 0x96, 0x26,
    0xD1, 0x4A, 0x24, 0x77, 0x33, 0xB9, 0x4F, 0x4D, 0x02, 0x1C, 0x19, 0xB6, 0xCD, 0xBC, 0x62, 0xF4,
    0x86, 0x7D, 0x2C, 0x13, 0x03, 0x5C, 0x66, 0x25, 0xB3, 0x33, 0x7C, 0x75, 0x21, 0x8F, 0x24, 0x2C,
    0x1E, 0xE7, 0xFA, 0x27, 0x45, 0x38, 0x46, 0xCB, 0xCB, 0x39, 0x97, 0x83, 0xCA, 0xD7, 0xDF, 0x68,
    0x76, 0x26, 0x6F, 0x36, 0x07, 0x93, 0xE7, 0x9B, 0xE3, 0x85, 0x57, 0x57, 0x66, 0x1B, 0x9F, 0x67,
    0x36, 0xBC, 0x60, 0xE5, 0x0A, 0xB3, 0x5A, 0xBC, 0xB7, 0x03, 0xF7, 0xCC, 0x2A, 0xB7, 0xBE, 0xE8,
    0x97, 0x7D, 0xF0, 0x46, 0x1F, 0x34, 0x17, 0xFC, 0x81, 0x77, 0xFB, 0x17, 0xE5, 0xBD, 0x71, 0x7D,
    0x25, 0xA8, 0x47, 0xBF, 0xEA, 0x83, 0xF2, 0xD7, 0xE2, 0x14, 0x93, 0x97, 0xBB, 0xC9, 0xB3, 0x94,
    0x40, 0xBD, 0xDC, 0xFD, 0x77, 0xA7, 0x95, 0x97, 0x5E, 0x52, 0x2E, 0x4F, 0x8F, 0xA4, 0xE2, 0x25,
    0x5E, 0x7C, 0x88, 0x0C, 0x9C, 0x8C, 0x86, 0x8E, 0x04, 0x11, 0xFF, 0x93, 0xFA, 0x47, 0xC0, 0x1F,
    0x36, 0x96, 0xFE, 0x3C, 0x5D, 0xE7, 0xE8, 0xE7, 0x7B, 0xE5, 0x3D, 0x4E, 0x54, 0xBB, 0x2B, 0x6A,
    0x07, 0xB5, 0x2F, 0xAE, 0x06, 0xA2, 0x99, 0xE7, 0xF0, 0x4C, 0x26, 0x4C, 0xE0, 0x6B, 0x9F, 0x08,
    0x66, 0xA0, 0x7E, 0xB9, 0x7D, 0x78, 0x23, 0x27, 0xEC, 0xBD, 0x46, 0x1D, 0x8D, 0xFF, 0x03, 0xF5,
    0x94, 0xB3, 0x96, 0x46, 0xB9, 0xBA, 0xE3, 0xAB, 0x70, 0x47, 0x15, 0x97, 0x45, 0x4E, 0xD7, 0xD4,
    0x6E, 0x4F, 0x7D, 0xB5, 0x5F, 0x90, 0x7F, 0xF1, 0x7D, 0xFD, 0xAA, 0xFE, 0x89, 0x6E, 0x92, 0x41,
    0xF7, 0x21, 0x71, 0x3A, 0xE9, 0x4F, 0x5D, 0xE2, 0x0B, 0xB5, 0x33, 0xE9, 0x92, 0x77, 0x1E, 0x1F,
    0xC3, 0xEE, 0x4D, 0x7D, 0x66, 0x3C, 0xA0, 0x6B, 0xFD, 0x3F, 0xDB, 0x2F, 0xD4, 0xC1, 0xA4, 0x89,
    0x6F, 0x85, 0x7D, 0x30, 0x9E, 0x21, 0xC2, 0x3D, 0xA7, 0xCB, 0xE2, 0x4F, 0xCC, 0x17, 0xBD, 0x3A,
    0x5E, 0x54, 0x54, 0x6E, 0xA9, 0x3C, 0x30, 0x55, 0xD3, 0x8F, 0xE6, 0x0B, 0x55, 0x81, 0xEE, 0xB1,
    0x07, 0x1D, 0xA1, 0x23, 0x4C, 0xF8, 0xF6, 0x0B, 0x61, 0x86, 0xAC, 0x8A, 0xBA, 0xA8, 0xF5, 0x47,
    0x7F, 0x70, 0xF4, 0x73, 0xF6, 0x0B, 0x35, 0xAF, 0x38, 0x90, 0x69, 0xA1, 0x1F, 0xC1, 0x36, 0xBB,
    0xA2, 0xA4, 0x81, 0x7B, 0x23, 0xF9, 0x2F, 0x3A, 0xA7, 0x9F, 0x6A, 0x6A, 0xB4, 0xA3, 0x46, 0xF1,
    0x18, 0x27, 0x7C, 0xA1, 0x36, 0xDC, 0x1D, 0x5F, 0x3C, 0xA2, 0xD3, 0xA2, 0x22, 0xF8, 0x9B, 0xB2,
    0xAE, 0xB2, 0x8A, 0xFC, 0xEA, 0x36, 0x1C, 0xFC, 0xD1, 0xD3, 0x87, 0xF1, 0x08, 0x9B, 0x31, 0x6E,
    0x7D, 0xFD, 0x02, 0xDD, 0xFF, 0x07, 0x74, 0xFF, 0xBE, 0xA8, 0xC8, 0x70, 0xE9, 0x7C, 0xFD, 0x3A,
    0xD1, 0x48, 0xF2, 0x13, 0x5D, 0x86, 0x83, 0x6E, 0x3C, 0x9D, 0xF5, 0x8A, 0x60, 0xA4, 0xE2, 0x9F,
    0xE8, 0x2A, 0x18, 0x38, 0xD1, 0x6D, 0xFD, 0x84, 0x0A, 0xBB, 0xFB, 0xA8, 0x3B, 0xDB, 0x52, 0xA5,
    0x9F, 0x3B, 0x3A, 0x7D, 0x21, 0xC4, 0x8B, 0xF9, 0x6D, 0x3C, 0x02, 0xC1, 0xB5, 0x73, 0xB2, 0x42,
    0xE6, 0xBC, 0xF4, 0xD1, 0x08, 0x0B, 0x78, 0x7A, 0xF6, 0x85, 0xB0, 0x37, 0x92, 0xB5, 0x80, 0x7A,
    0x89, 0xE0, 0x16, 0x5F, 0x2C, 0x57, 0x9C, 0xAE, 0x64, 0x16, 0x79, 0x4A, 0x1F, 0x55, 0x5F, 0xD2,
    0x7F, 0xA8, 0xB6, 0x15, 0x1F, 0x2A, 0xF5, 0xF4, 0x90, 0xAA, 0x9F, 0xA3, 0x2F, 0xB6, 0xD1, 0x17,
    0x30, 0x4F, 0x90, 0x8A, 0x77, 0x60, 0xA3, 0xCB, 0x05, 0x85, 0xDA, 0x2F, 0xF0, 0xFA, 0x55, 0xE7,
    0x77, 0x20, 0xBA, 0xD2, 0xED, 0x67, 0xEF, 0x3F, 0xEB, 0xBC, 0xB4, 0xFD, 0x25, 0xFE, 0x82, 0xDA,
    0x7D, 0x51, 0xE7, 0xFA, 0x1D, 0xA2, 0x8B, 0xAE, 0xE8, 0xC3, 0x31, 0x26, 0x7C, 0xBD, 0x40, 0xF7,
    0xDD, 0x95, 0xF4, 0xC9, 0x9B, 0x2F, 0xEA, 0xB0, 0x7D, 0x47, 0x5F, 0x1F, 0x0E, 0xEA, 0x56, 0x3F,
    0x96, 0x0C, 0xC4, 0xA7, 0x24, 0xE3, 0x92, 0x1F, 0x11, 0x8C, 0x6F, 0x5D, 0x27, 0xA0, 0x1F, 0x27,
    0xA0, 0xFF, 0x7B, 0x02, 0x7A, 0xA3, 0x1E, 0xCE, 0xEA, 0xA4, 0x89, 0xBA, 0x10, 0xEB, 0x1A, 0xDA,
    0xC1, 0x8C, 0x7F, 0x56, 0xD3, 0xD7, 0xE7, 0x36, 0xA5, 0x03, 0x95, 0x22, 0xC1, 0x17, 0x89, 0xC9,
    0x8E, 0x30, 0x39, 0x72, 0x14, 0x92, 0x46, 0x54, 0x18, 0x81, 0xAD, 0xA8, 0x20, 0x37, 0xE3, 0x26,
    0x20, 0xFC, 0xBB, 0xC0, 0x3F, 0xE7, 0x87, 0x9A, 0xD1, 0xCF, 0xD4, 0x10, 0x81, 0x0B, 0x79, 0x5F,
    0xF2, 0xA2, 0xA6, 0x3B, 0x75, 0x51, 0x47, 0xC4, 0x34, 0x42, 0x1A, 0x91, 0xA3, 0x48, 0x15, 0x88,
    0x1C, 0x34, 0x91, 0x43, 0x42, 0xE4, 0x80, 0x2F, 0x20, 0x85, 0x70, 0xE5, 0xA3, 0x20, 0x28, 0x64,
    0x17, 0xA1, 0xA6, 0xC6, 0x90, 0x9F, 0x59, 0x54, 0xD4, 0x81, 0x7E, 0xBF, 0x73, 0xF5, 0xED, 0x51,
    0x15, 0x23, 0x72, 0x0A, 0x61, 0xD2, 0x3B, 0xF9, 0xF1, 0x98, 0x86, 0x7D, 0x71, 0xD6, 0xD3, 0xF1,
    0xBB, 0x4A, 0xBF, 0x7E, 0x93, 0xBF, 0xD8, 0x0A, 0x53, 0x9B, 0xE3, 0x57, 0xE4, 0x18, 0x24, 0x1B,
    0xD6, 0x19, 0x3D, 0xBB, 0x8D, 0x6B, 0x46, 0x1B, 0x73, 0x62, 0xD9, 0x02, 0xDD, 0x9C, 0x99, 0x3A,
    0x91, 0xA7, 0x61, 0x2D, 0xF0, 0x79, 0x87, 0xD7, 0x06, 0x14, 0x6F, 0x44, 0xAF, 0xDA, 0x88, 0xDA,
    0x74, 0x23, 0x5A, 0xCB, 0x4D, 0x50, 0xBA, 0x09, 0x3A, 0x37, 0x41, 0xE5, 0x46, 0x34, 0xA6, 0x1B,
    0x51, 0xA8, 0x36, 0xA2, 0x4F, 0x6D, 0x44, 0xDD, 0x26, 0x68, 0xDB, 0x04, 0x65, 0x9B, 0xA0, 0x6B,
    0x13, 0x54, 0x6D, 0x06, 0xDD, 0x8D, 0x28, 0xDA, 0x88, 0x9E, 0x4D, 0x50, 0xB3, 0x09, 0x5A, 0xB6,
    0x78, 0xDD, 0xAF, 0xCE, 0xAB, 0x1D, 0xF9, 0xCF, 0xE7, 0xEE, 0xB9, 0xED, 0xE7, 0x8C, 0xC5, 0x90,
    0x7D, 0xA0, 0xDB, 0xA8, 0xCF, 0x10, 0xDB, 0x70, 0x6C, 0x8C, 0x3F, 0xF8, 0x9E, 0x7E, 0xA1, 0xFF,
    0xC7, 0x1A, 0x2B, 0x65, 0x3B, 0x09, 0x0C, 0x3F, 0x79, 0x8C, 0x44, 0xE2, 0x0D, 0x12, 0x89, 0x0A,
    0x82, 0x37, 0xFA, 0x90, 0x80, 0x3F, 0x3C, 0xCA, 0xC1, 0x69, 0xC7, 0x49, 0x42, 0x92, 0x00, 0xF3,
    0x07, 0x88, 0xCC, 0x14, 0xE6, 0x05, 0xF8, 0x0E, 0x72, 0x58, 0xBA, 0x37, 0x13, 0x8D, 0xEC, 0x2B,
    0x11, 0x06, 0x2A, 0xC2, 0x40, 0x8B, 0x25, 0xF6, 0x65, 0x01, 0x8C, 0x89, 0x26, 0x82, 0x3C, 0x89,
    0x4B, 0xF2, 0xEA, 0x39, 0x29, 0x5B, 0x40, 0xA8, 0x78, 0x15, 0x49, 0xAC, 0xB2, 0x4A, 0x8C, 0x12,
    0x0F, 0x36, 0x95, 0x28, 0xF3, 0xF8, 0x43, 0x9D, 0x06, 0x03, 0x69, 0x46, 0xFD, 0x78, 0xAB, 0x36,
    0xC0, 0x6F, 0x0E, 0xE5, 0x19, 0x90, 0xCC, 0x63, 0x60, 0xE6, 0xD0, 0x55, 0xB2, 0x1A, 0x8C, 0x10,
    0x25, 0x11, 0x8A, 0x98, 0xF1, 0x88, 0xE4, 0x09, 0x70, 0xE5, 0x9D, 0x28, 0x79, 0x22, 0xE0, 0x7A,
    0x41, 0xB7, 0x96, 0x5C, 0xA9, 0xE1, 0xE3, 0x46, 0xB0, 0xF7, 0xAA, 0x9E, 0x46, 0x78, 0xD8, 0xD2,
    0xE4, 0x82, 0x14, 0x17, 0x30, 0x30, 0x84, 0x27, 0xEA, 0xC1, 0xD0, 0x9B, 0x8A, 0x88, 0xCC, 0x7C,
    0x90, 0xD9, 0x44, 0x5D, 0x0B, 0xA2, 0x5A, 0x8C, 0x72, 0x49, 0x70, 0xE7, 0xB2, 0x34, 0xB6, 0x20,
    0x18, 0xC3, 0xE3, 0xE5, 0x8C, 0x3C, 0x96, 0x5E, 0x6C, 0xB7, 0xB9, 0xEF, 0x3A, 0x34, 0xA2, 0x11,
    0xC6, 0x5B, 0x34, 0xC4, 0x3D, 0x0D, 0xA9, 0x20, 0x0B, 0xEE, 0x1F, 0x8D, 0x6F, 0x6B, 0x25, 0x66,
    0xDC, 0xDB, 0x34, 0xD6, 0x94, 0xAC, 0x95, 0x3E, 0xBA, 0x76, 0x5D, 0x23, 0xAA, 0x6D, 0x24, 0x83,
    0xEE, 0xCC, 0xA3, 0x24, 0xDA, 0x52, 0xA7, 0x0F, 0x9B, 0xEC, 0x08, 0x33, 0x14, 0x9B, 0x76, 0x3B,
    0x99, 0x91, 0xD8, 0xBE, 0xDB, 0x0B, 0x65, 0x0A, 0x23, 0xEF, 0xDB, 0xFD, 0x41, 0x06, 0x01, 0x5B,
    0x7A, 0x17, 0xA0, 0x0F, 0x95, 0x98, 0x7B, 0x05, 0x52, 0xEB, 0xB1, 0xCD, 0x97, 0xDA, 0x27, 0x2C,
    0xB9, 0x9D, 0xA3, 0x1F, 0x9B, 0x1E, 0x59, 0xB7, 0x88, 0x52, 0x9A, 0x92, 0x04, 0x4F, 0x88, 0x5C,
    0x4A, 0x94, 0x37, 0x37, 0xB5, 0xBC, 0x3B, 0x07, 0xE1, 0xCC, 0x4D, 0x4A, 0xBE, 0xE3, 0x30, 0xF9,
    0xFB, 0x08, 0x30, 0x9F, 0xD2, 0xEA, 0x4D, 0xC5, 0xA4, 0x9C, 0x8A, 0x45, 0xF9, 0x0F, 0xA6, 0xF4,
    0x39, 0xF9, 0x04, 0x3E, 0xF4, 0x9C, 0x6D, 0xDF, 0xE7, 0x9E, 0x82, 0xC9, 0xC9, 0x06, 0xF0, 0x75,
    0x0E, 0x2A, 0x10, 0xF0, 0xF1, 0x32, 0x36, 0x4C, 0xE1, 0xA8, 0xE4, 0x5C, 0xEA, 0x62, 0x0F, 0x73,
    0xDF, 0x61, 0x14, 0x67, 0x2A, 0x92, 0xF8, 0x1F, 0x58, 0xC6, 0x4C, 0x87, 0x62, 0x1E, 0x27, 0x12,
    0xC9, 0x44, 0xE0, 0x7B, 0x98, 0x6D, 0x51, 0x31, 0x94, 0x0B, 0xC9, 0x6F, 0x02, 0xF0, 0xF1, 0x30,
    0xC5, 0x64, 0xB6, 0xB3, 0x19, 0x00, 0xDF, 0x22, 0xB6, 0x75, 0x42, 0xF6, 0xFE, 0x29, 0x45, 0xAA,
    0x2A, 0x9E, 0x9F, 0x00, 0xA5, 0x5F, 0x9C, 0xFC, 0x55, 0x33, 0x71, 0xC9, 0x46, 0xEA, 0xE9, 0x05,
    0x4C, 0xDF, 0xDD, 0x0A, 0x7C, 0xB3, 0x18, 0x97, 0xE2, 0x71, 0xEB, 0xE5, 0x7B, 0x7D, 0x62, 0x0D,
    0x41, 0x32, 0xD2, 0xA7, 0x19, 0x84, 0xA6, 0xB0, 0xDF, 0xDA, 0x09, 0x47, 0x65, 0x95, 0xD4, 0xCC,
    0xC2, 0xDE, 0xA6, 0x9E, 0x99, 0x74, 0xD4, 0x75, 0xFD, 0x86, 0xC9, 0xC2, 0xF4, 0xCA, 0x7F, 0x8C,
    0x9B, 0xA7, 0xF4, 0x0F, 0x53, 0x91, 0x44, 0x8D, 0x24, 0x28, 0x7B, 0x90, 0xA4, 0x50, 0x2B, 0xB4,
    0xF1, 0x70, 0x56, 0xC5, 0x8D, 0xD8, 0xF4, 0x47, 0x21, 0x7D, 0x4C, 0xAE, 0x7A, 0x48, 0x1E, 0xA1,
    0x0D, 0x07, 0xCC, 0x16, 0x99, 0x69, 0x54, 0x49, 0x53, 0x28, 0xD3, 0xDA, 0x3A, 0x15, 0x3B, 0x3F,
    0x20, 0x49, 0x23, 0xC1, 0x5C, 0xE2, 0xFA, 0x64, 0xB2, 0xA0, 0xF3, 0x01, 0x62, 0x6F, 0xF3, 0xC9,
    0x1D, 0x98, 0x24, 0x4B, 0xF4, 0xDC, 0x60, 0x3B, 0x9D, 0x5C, 0x9B, 0x24, 0x4A, 0x76, 0xDD, 0x3E,
    0xDE, 0x4D, 0x25, 0xBC, 0x90, 0xC3, 0x92, 0x64, 0x7D, 0x9A, 0x33, 0x59, 0xA4, 0x6B, 0x5C, 0xA1,
    0x41, 0xEB, 0xD9, 0x5C, 0x35, 0x54, 0xE8, 0xB7, 0x3A, 0x68, 0x25, 0x70, 0xBC, 0xD1, 0x91, 0xD0,
    0x60, 0x52, 0x9F, 0x32, 0x24, 0x48, 0xF7, 0x37, 0x14, 0x48, 0xB7, 0xB7, 0x1E, 0x49, 0xE9, 0x0A,
    0xF2, 0xFF, 0xBE, 0xFE, 0x2E, 0x93, 0x9F, 0x32, 0x0F, 0x15, 0x95, 0x21, 0xA7, 0xBE, 0x7D, 0x0C,
    0xAA, 0xCD, 0xE3, 0x8F, 0xBC, 0xBD, 0xBD, 0x75, 0x82, 0xCC, 0x23, 0xB1, 0xE8, 0x0B, 0xC3, 0x10,
    0x04, 0x2A, 0xE3, 0xFF, 0x10, 0xA4, 0xAC, 0x27, 0xD4, 0x58, 0x74, 0x25, 0x95, 0xF5, 0x87, 0x66,
    0x1D, 0xC8, 0x2D, 0xC9, 0x69, 0x93, 0x2A, 0x74, 0x87, 0x33, 0x98, 0x68, 0xBB, 0xE4, 0x7A, 0x9F,
    0x49, 0x6E, 0x50, 0x82, 0x50, 0x21, 0x4B, 0x08, 0xD9, 0x0B, 0x95, 0x96, 0xE9, 0xA5, 0x43, 0x71,
    0x7A, 0xEA, 0xB4, 0x05, 0xCF, 0xD6, 0xB4, 0xB6, 0x80, 0xD6, 0xB1, 0xD6, 0xC4, 0x9F, 0x12, 0xBC,
    0xB0, 0x93, 0xE2, 0x94, 0x40, 0x2C, 0xFC, 0x60, 0xA4, 0x7F, 0x81, 0x59, 0xFC, 0xF6, 0x90, 0x5C,
    0xE3, 0x34, 0x7B, 0x80, 0xDA, 0xA5, 0xE2, 0xDA, 0x30, 0x75, 0x5B, 0xA7, 0x2F, 0xD9, 0x8E, 0x9B,
    0xA7, 0xD6, 0x32, 0xEC, 0x84, 0x90, 0x04, 0x7A, 0x4F, 0xE9, 0x27, 0x27, 0xF8, 0x89, 0xB7, 0x2E,
    0x10, 0x14, 0x77, 0x11, 0x30, 0xB4, 0xC0, 0x13, 0x28, 0x0A, 0x61, 0x11, 0x60, 0x01, 0xC0, 0x76,
    0x01, 0x49, 0x01, 0x9C, 0xC0, 0x52, 0xB2, 0x87, 0x0A, 0x34, 0xE5, 0xF9, 0xF5, 0x02, 0x4F, 0xA1,
    0x75, 0xDB, 0x35, 0x71, 0x62, 0x17, 0xC0, 0xE4, 0x82, 0x11, 0x7A, 0x0C, 0x57, 0x06, 0xE8, 0x0E,
    0x87, 0x0B, 0x1C, 0xCB, 0x44, 0xE4, 0x97, 0x78, 0xED, 0x55, 0x0E, 0x75, 0xCC, 0xAE, 0xB7, 0x04,
    0x5D, 0xCE, 0xB6, 0x08, 0xF8, 0x16, 0x61, 0x39, 0x32, 0xED, 0x09, 0x84, 0xFB, 0x2B, 0x0B, 0x18,
    0xC7, 0xB5, 0x52, 0x77, 0x23, 0x1C, 0x09, 0xD4, 0x45, 0x2D, 0xD1, 0x99, 0x02, 0x6D, 0xFF, 0xA3,
    0xCE, 0xE7, 0x69, 0x59, 0x01, 0x78, 0xF4, 0x4E, 0x1F, 0xBF, 0xD9, 0x2F, 0x60, 0x4E, 0x88, 0x3E,
    0xD3, 0x2F, 0xC0, 0xFE, 0x5C, 0xAB, 0x1F, 0xED, 0x67, 0xC3, 0x23, 0x80, 0x9F, 0x9B, 0x01, 0xDF,
    0x0E, 0xCC, 0xC0, 0x5F, 0x28, 0x73, 0x42, 0xC1, 0xB1, 0xF1, 0x89, 0x19, 0x16, 0xB4, 0x36, 0xE9,
    0x07, 0x0D, 0x22, 0xA2, 0x7E, 0x09, 0x17, 0x42, 0xB7, 0x13, 0x3A, 0x0C, 0x53, 0x5B, 0x8C, 0xC8,
    0xC7, 0x09, 0x29, 0x3C, 0x9E, 0x05, 0x5E, 0x04, 0x05, 0x13, 0x6A, 0x0C, 0x46, 0x0C, 0x76, 0x8C,
    0x81, 0x36, 0x1B, 0xC1, 0x1C, 0x47, 0x76, 0x04, 0xA6, 0xEC, 0xF7, 0x4B, 0x98, 0x62, 0x76, 0x5F,
    0x20, 0x0B, 0x59, 0x2C, 0x16, 0xF8, 0xEA, 0x05, 0x4D, 0x06, 0x65, 0x37, 0x06, 0x5E, 0x36, 0xB6,
    0x58, 0x7B, 0x44, 0x12, 0x5F, 0x59, 0xC4, 0x39, 0x1F, 0x76, 0x4B, 0xB8, 0xE3, 0xA4, 0xA1, 0x77,
    0xF7, 0xB2, 0x48, 0x74, 0x8A, 0x4A, 0xE2, 0xB5, 0x27, 0x3C, 0x06, 0xEF, 0xB4, 0xE1, 0xDB, 0xED,
    0x1C, 0x95, 0xC9, 0x6B, 0x1D, 0xFD, 0xCF, 0xB1, 0x49, 0x6A, 0x42, 0x4B, 0x44, 0xD4, 0x84, 0x50,
    0xF7, 0x07, 0x3A, 0x68, 0x97, 0x21, 0xE2, 0x0D, 0xCE, 0xD9, 0x65, 0xB4, 0x5A, 0x2B, 0x6B, 0x81,
    0x59, 0xE1, 0x97, 0x19, 0x72, 0x9F, 0x3C, 0x36, 0xAC, 0xE0, 0xD7, 0x4C, 0x39, 0xCE, 0x51, 0x9C,
    0xB4, 0xAB, 0x58, 0x16, 0x54, 0xCE, 0x11, 0x2D, 0x9C, 0x35, 0xC7, 0xB5, 0xF0, 0xD7, 0x1C, 0xDD,
    0x82, 0xD3, 0x19, 0xC6, 0xCD, 0x53, 0xD7, 0x66, 0x48, 0x37, 0xF2, 0x73, 0x86, 0x77, 0x63, 0x77,
    0x2C, 0x0D, 0x74, 0x15, 0xFB, 0x16, 0xE3, 0x8B, 0x8F, 0xE6, 0x51, 0x6B, 0x33, 0x1A, 0x60, 0xBC,
    0x2F, 0x91, 0x01, 0x3F, 0x09, 0x6B, 0x46, 0x09, 0x37, 0x38, 0xA9, 0xD7, 0x9C, 0x18, 0xCE, 0x48,
    0x56, 0xAA, 0x19, 0x3D, 0x78, 0xDD, 0x95, 0x15, 0x92, 0xF0, 0x7E, 0xDC, 0xAE, 0x52, 0x45, 0x91,
    0xAB, 0x4F, 0xF6, 0x9A, 0x91, 0x87, 0x0B, 0xE4, 0xE5, 0x2B, 0x14, 0x12, 0x7D, 0xAF, 0x8E, 0x6E,
    0x34, 0x2B, 0x44, 0x92, 0xBD, 0xD8, 0x14, 0x8F, 0x37, 0xAB, 0x74, 0x02, 0xF9, 0xDB, 0xAC, 0x90,
    0xCA, 0xE8, 0xBF, 0x39, 0x08, 0xD9, 0x2F, 0x01, 0x91, 0x0C, 0xC5, 0x7C, 0x03, 0xC1, 0x58, 0xC0,
    0x2D, 0xD1, 0x8C, 0x88, 0xD3, 0x65, 0xB2, 0x79, 0xB2, 0xB8, 0x79, 0x74, 0x03, 0xE5, 0x98, 0x39,
    0xDB, 0x15, 0xE2, 0xC9, 0x9A, 0x4D, 0xE8, 0x47, 0xD8, 0x7F, 0x85, 0x84, 0xCC, 0x13, 0x52, 0x97,
    0xA9, 0x48, 0xBE, 0x5C, 0x26, 0x24, 0x93, 0x33, 0x7B, 0x99, 0x96, 0x0C, 0xA9, 0x2C, 0x93, 0x93,
    0xA5, 0x9F, 0x25, 0x8A, 0x32, 0xEE, 0xC8, 0x2A, 0x3C, 0x36, 0xA1, 0x2B, 0x0B, 0x8F, 0xA5, 0x6F,
    0xCC, 0xA3, 0xD3, 0x96, 0xA9, 0x8B, 0xA5, 0xF9, 0x2A, 0x81, 0x71, 0x42, 0xD7, 0x65, 0x1A, 0xBB,
    0xDE, 0x08, 0x51, 0x2D, 0x91, 0xD9, 0x63, 0xB2, 0x6C, 0xBA, 0x4C, 0x69, 0x41, 0xDB, 0x6F, 0x24,
    0x36, 0xFF, 0xAD, 0x7A, 0x23, 0xBD, 0x39, 0x63, 0x7A, 0x47, 0x02, 0x8B, 0xA6, 0x64, 0xFC, 0xA3,
    0x5D, 0x62, 0xF3, 0xBB, 0xC2, 0x46, 0x07, 0x34, 0xD6, 0x62, 0x4D, 0x26, 0x43, 0x3B, 0x2B, 0xAD,
    0xE5, 0xB9, 0xB0, 0xDF, 0xA7, 0x04, 0x5F, 0x00, 0xFE, 0x51, 0xF7, 0x9C, 0xCC, 0xE7, 0x3E, 0xD6,
    0x23, 0x93, 0xAE, 0x43, 0x94, 0xB1, 0x0E, 0x27, 0x85, 0x03, 0x45, 0x7F, 0x0F, 0x0F, 0x4A, 0x47,
    0xBC, 0xB7, 0x73, 0x8D, 0xBC, 0x09, 0x44, 0x7F, 0xF5, 0xDE, 0xA3, 0xEC, 0xFA, 0x53, 0xC9, 0x85,
    0x7F, 0x95, 0x72, 0x9F, 0xC4, 0xD1, 0x07, 0x6E, 0x42, 0xF6, 0xEF, 0x51, 0x8A, 0xC5, 0x58, 0x24,
    0x64, 0x61, 0x72, 0x41, 0xE8, 0x33, 0x93, 0xB4, 0xDF, 0xBC, 0x29, 0x94, 0x7B, 0x81, 0x74, 0xAF,
    0x2F, 0x70, 0x94, 0xC9, 0x68, 0xA6, 0x47, 0x62, 0xAF, 0x37, 0x7A, 0x80, 0x00, 0x6B, 0xF0, 0x8B,
    0x69, 0x60, 0x91, 0x78, 0x98, 0x09, 0x16, 0x18, 0xAC, 0x65, 0xD6, 0x27, 0x59, 0x36, 0x72, 0x0C,
    0x84, 0x2C, 0x7C, 0x2C, 0x74, 0x2C, 0x6C, 0x2C, 0x64, 0x2C, 0x5C, 0x2C, 0x54, 0xB4, 0x8D, 0x70,
    0xCD, 0xB7, 0xA9, 0x7B, 0x19, 0x1E, 0xC7, 0x90, 0x71, 0x97, 0xA0, 0xC1, 0xCF, 0xB4, 0x21, 0x58,
    0xFC, 0xD3, 0xDF, 0xCE, 0x79, 0x77, 0x4D, 0xBD, 0x5F, 0x88, 0x98, 0x9F, 0xE0, 0x42, 0x67, 0x5E,
    0x29, 0x8D, 0xE4, 0x21, 0xB4, 0x18, 0xF7, 0x7E, 0x4C, 0x0D, 0xD3, 0xF9, 0x12, 0xEC, 0x31, 0x76,
    0xA7, 0x11, 0xB2, 0x59, 0x06, 0xFA, 0x6D, 0x6C, 0x1F, 0xC9, 0x77, 0x1E, 0x33, 0x21, 0x99, 0xDB,
    0xBB, 0x29, 0x0B, 0x7C, 0x6C, 0x3C, 0x09, 0x8C, 0x78, 0x36, 0xED, 0x6D, 0xE7, 0xBD, 0x31, 0xD6,
    0x8D, 0xAE, 0xC3, 0x9E, 0x61, 0xC9, 0x55, 0x20, 0x3F, 0x41, 0x78, 0xAE, 0x35, 0xC6, 0x76, 0x93,
    0xE5, 0x73, 0xF7, 0xC0, 0xFA, 0x06, 0x6C, 0x6A, 0x1A, 0x4B, 0xC9, 0xAD, 0xFF, 0xB5, 0x3C, 0x3E,
    0xBB, 0xEC, 0x7F, 0x09, 0xFE, 0x40, 0xF0, 0x46, 0xCF, 0xCE, 0x40, 0xD0, 0x5C, 0x60, 0x7C, 0x12,
    0xF4, 0x7D, 0x63, 0xAF, 0x89, 0x35, 0x51, 0x94, 0x8C, 0x86, 0x7B, 0xE3, 0x9A, 0xC1, 0x7C, 0x25,
    0xA8, 0x59, 0xA2, 0x8C, 0x7E, 0xC5, 0x8A, 0xA4, 0x0F, 0x4A, 0x36, 0xFA, 0x7F, 0x2D, 0x4E, 0xB9,
    0x13, 0x98, 0x94, 0xCE, 0xAD, 0x19, 0xCB, 0x58, 0x78, 0xCE, 0x84, 0x88, 0xDC, 0x90, 0x01, 0x27,
    0x6F, 0x9A, 0xD5, 0x01, 0xB1, 0xEF, 0xD5, 0x7E, 0x63, 0xDC, 0xCF, 0x2D, 0xFB, 0x89, 0xE4, 0x09,
    0xA7, 0xC7, 0xA6, 0x48, 0x9D, 0x2E, 0x9B, 0xD6, 0xE8, 0x27, 0xAA, 0x9F, 0x91, 0xFD, 0x8C, 0xEE,
    0x67, 0x84, 0x3F, 0x51, 0x3E, 0xD0, 0x92, 0x6F, 0x6F, 0xB7, 0x9F, 0x23, 0x10, 0xFC, 0x9F, 0xC0,
    0x35, 0x72, 0x17, 0xFB, 0xE5, 0x40, 0xE8, 0xFE, 0x3D, 0x10, 0x7F, 0xF0, 0x6A, 0x4F, 0x18, 0xBF,
    0x01, 0x0F, 0x9D, 0x60, 0x11, 0x8C, 0xDE, 0x19, 0x78, 0x83, 0x90, 0x19, 0x83, 0x87, 0xC9, 0xC7,
    0x54, 0x92, 0xA8, 0xC2, 0x43, 0x07, 0x50, 0x26, 0x0E, 0x88, 0x01, 0x07, 0xF6, 0xD0, 0x4F, 0x05,
    0xB5, 0x4D, 0xCE, 0x4A, 0xD0, 0xC9, 0xF0, 0x2C, 0x59, 0x02, 0x15, 0x01, 0xA8, 0xC0, 0x76, 0x4A,
    0xE2, 0x02, 0x82, 0x11, 0xE7, 0x2E, 0xA2, 0xCE, 0xEF, 0xE9, 0x98, 0x0F, 0xC4, 0x43, 0x87, 0x24,
    0xD2, 0x13, 0x55, 0x98, 0x95, 0x15, 0x10, 0x86, 0x91, 0x6A, 0xCC, 0x0B, 0xDD, 0x44, 0x1E, 0x66,
    0x79, 0x65, 0xC1, 0x0D, 0xAB, 0x36, 0x7F, 0xB0, 0x3C, 0x39, 0xB1, 0x70, 0x2C, 0xE7, 0x44, 0x33,
    0x39, 0x54, 0xD9, 0xFC, 0x63, 0xD4, 0x2C, 0x7D, 0x4C, 0x9A, 0x78, 0x69, 0xE3, 0xCC, 0xF2, 0x5C,
    0x58, 0x31, 0xAB, 0xCA, 0xE4, 0x05, 0xF0, 0x3A, 0x83, 0xF3, 0x1D, 0x43, 0x65, 0x31, 0x81, 0x38,
    0xD0, 0x48, 0xFA, 0xC7, 0xC4, 0xF6, 0x7B, 0xE3, 0x0F, 0xF4, 0xBE, 0xEC, 0x12, 0xF1, 0x05, 0xD3,
    0xDC, 0x35, 0x02, 0xF5, 0xF1, 0xA2, 0x4E, 0x2A, 0x26, 0x3D, 0x01, 0xB7, 0x26, 0x62, 0x02, 0x05,
    0x6A, 0x1F, 0x20, 0xC7, 0x54, 0x4F, 0x25, 0x84, 0x48, 0xA2, 0x47, 0x63, 0xBE, 0xA7, 0x14, 0x7A,
    0x9C, 0x16, 0x09, 0x76, 0xC7, 0x35, 0xAB, 0x9B, 0x60, 0x84, 0x64, 0xCA, 0x85, 0x3A, 0xA7, 0x79,
    0x48, 0x21, 0x52, 0xA0, 0x21, 0xEA, 0xA9, 0x11, 0xD0, 0x2A, 0xA2, 0xBD, 0xC9, 0xD7, 0xED, 0x09,
    0x7F, 0x42, 0xB2, 0x40, 0x47, 0x82, 0x59, 0xBE, 0x3D, 0xA0, 0x5C, 0x17, 0x28, 0xC9, 0x6E, 0x58,
    0x7F, 0x61, 0x36, 0xE1, 0x0B, 0x3A, 0x66, 0xD1, 0x64, 0xBC, 0xD9, 0x1B, 0xFD, 0x6C, 0x82, 0x97,
    0xA9, 0x7A, 0x31, 0xCF, 0x48, 0xC4, 0x5D, 0x33, 0x9A, 0x8C, 0xAE, 0xDA, 0x1F, 0xA5, 0x8C, 0x2A,
    0xB3, 0x2A, 0xBA, 0x89, 0x13, 0xBB, 0x67, 0x7A, 0xA8, 0xED, 0xD3, 0x16, 0x4D, 0x99, 0x89, 0x1E,
    0x6C, 0x0D, 0x3F, 0xC5, 0x8D, 0x11, 0xFA, 0x49, 0xB5, 0xBE, 0x02, 0x7F, 0xE9, 0x21, 0x9E, 0x58,
    0x5C, 0x92, 0x28, 0x73, 0xEB, 0x7F, 0x43, 0x83, 0xFA, 0x6D, 0xDD, 0x33, 0x75, 0x7F, 0x37, 0xD3,
    0x0D, 0x03, 0x5C, 0xFD, 0x57, 0x2F, 0x97, 0x58, 0xF9, 0xD2, 0xEA, 0x78, 0x84, 0x8E, 0x11, 0x40,
    0x8E, 0x9E, 0x04, 0x9F, 0x63, 0xDD, 0xA6, 0x31, 0x8C, 0xEE, 0x97, 0xE0, 0x74, 0x4C, 0x2C, 0xF9,
    0x00, 0x26, 0x41, 0xEF, 0x24, 0xE9, 0x34, 0x02, 0x63, 0x4D, 0x42, 0xBB, 0x24, 0x00, 0x66, 0xA5,
    0xAF, 0x3F, 0xC4, 0x4A, 0x59, 0x51, 0xEE, 0x3A, 0xA6, 0xB1, 0x5E, 0x46, 0xD4, 0xEC, 0x0E, 0x6A,
    0xF1, 0x48, 0x85, 0xE8, 0x11, 0x1B, 0x86, 0x72, 0xDD, 0x0C, 0x2A, 0x7B, 0xCD, 0x86, 0xBE, 0xBC,
    0x68, 0x08, 0xE8, 0x90, 0xF5, 0xE8, 0x83, 0x3F, 0xD9, 0x44, 0xBC, 0x6D, 0xA0, 0xDA, 0x25, 0x9A,
    0xB5, 0xD2, 0x4E, 0xCD, 0x45, 0xDE, 0xEA, 0xB4, 0xC8, 0xD2, 0xC4, 0xC8, 0x9C, 0x52, 0x99, 0x4E,
    0xB7, 0xA9, 0x2F, 0xEF, 0xA9, 0xEE, 0xCF, 0x3D, 0xA6, 0xD2, 0x3F, 0xD0, 0x7D, 0xD1, 0x14, 0xAD,
    0xD0, 0xE8, 0xD3, 0xFA, 0xC3, 0xD7, 0x6E, 0x3F, 0xDF, 0x07, 0x6F, 0x10, 0x81, 0xA5, 0xEB, 0x2F,
    0xBF, 0x79, 0x44, 0x63, 0x2B, 0xC8, 0x37, 0x09, 0x7A, 0x0F, 0x87, 0x7F, 0x2F, 0xC4, 0x8E, 0x11,
    0x66, 0xD0, 0xDD, 0x87, 0xBE, 0x18, 0x75, 0xAC, 0x0B, 0xC1, 0x6B, 0xAD, 0xC2, 0x64, 0xB8, 0x00,
    0xD0, 0x2B, 0x99, 0xFC, 0xEE, 0x8D, 0x20, 0x2E, 0x43, 0xAF, 0xC4, 0xDA, 0xD7, 0xD5, 0x00, 0xCB,
    0x25, 0x6B, 0x01, 0x2F, 0x9C, 0x09, 0x4D, 0xEA, 0xD7, 0x6A, 0x4D, 0xBF, 0x75, 0x90, 0x9E, 0x9E,
    0x6E, 0x6F, 0xE8, 0x57, 0x75, 0x7E, 0x28, 0x26, 0x11, 0xB6, 0xE3, 0x69, 0x7D, 0x5D, 0xFF, 0xFE,
    0x60, 0xE4, 0xA8, 0x43, 0x64, 0x2D, 0x0F, 0x7D, 0xD5, 0x8B, 0x69, 0x3A, 0x23, 0x51, 0x45, 0x22,
    0x18, 0xB1, 0x2A, 0x0F, 0xB8, 0x30, 0xB2, 0x55, 0x56, 0x5C, 0xED, 0x04, 0x4A, 0xB5, 0x90, 0xB2,
    0x66, 0x13, 0xFD, 0x06, 0xFA, 0x23, 0xEA, 0x9B, 0x08, 0x70, 0xCC, 0x26, 0x99, 0xEB, 0xF5, 0xC5,
    0x24, 0x74, 0x03, 0x32, 0x4F, 0xAD, 0xD4, 0x8D, 0x9A, 0xD3, 0x71, 0x6D, 0xCA, 0x74, 0xAF, 0xAC,
    0x3A, 0x3D, 0xC1, 0x76, 0x02, 0xF4, 0x34, 0xAF, 0x91, 0x89, 0x2D, 0x97, 0xDF, 0x8B, 0x28, 0xE6,
    0x7F, 0x2D, 0xF3, 0x01, 0x19, 0xF2, 0xBA, 0x00, 0xDC, 0x24, 0x7C, 0x0B, 0x6D, 0xE4, 0x01, 0x11,
    0xE6, 0x9F, 0xBD, 0x62, 0xF4, 0x10, 0x59, 0x1F, 0xE5, 0x1A, 0xEB, 0x22, 0x98, 0xA2, 0x4E, 0xDA,
    0x28, 0x2B, 0x06, 0x38, 0x44, 0x8A, 0x21, 0x4D, 0xF0, 0x8D, 0xD8, 0x58, 0x16, 0x7B, 0xF3, 0xE4,
    0x03, 0xEA, 0x54, 0x28, 0xDC, 0xEF, 0x90, 0x95, 0x66, 0x58, 0xBF, 0xF2, 0xC9, 0x81, 0x37, 0x7C,
    0x5F, 0x46, 0xFA, 0x2D, 0xCB, 0xF4, 0xF9, 0x2F, 0x66, 0xA3, 0x70, 0x3C, 0x20, 0x1B, 0xC8, 0xFC,
    0xAF, 0x6C, 0x59, 0x11, 0x08, 0xFF, 0x35, 0x3B, 0xD3, 0x47, 0x00, 0x4E, 0xCE, 0xD8, 0x9D, 0x35,
    0x6F, 0xB6, 0xD9, 0x0B, 0xF6, 0x61, 0xEC, 0x2F, 0xD4, 0x99, 0xD1, 0xD5, 0xE0, 0xEF, 0xF5, 0x6C,
    0x31, 0x43, 0x15, 0x6E, 0x36, 0x05, 0xE3, 0x14, 0x26, 0x5E, 0xB6, 0x35, 0xFA, 0xEF, 0xBA, 0x11,
    0xEE, 0x47, 0xCC, 0xFC, 0x9A, 0x2F, 0x93, 0x6B, 0x23, 0x7B, 0x82, 0x56, 0x72, 0x08, 0xCA, 0x2F,
    0x07, 0x6F, 0xC0, 0x97, 0xF7, 0xF5, 0x37, 0xFE, 0x13, 0x9C, 0x78, 0xAC, 0x7B, 0xC3, 0x5D, 0xC7,
    0xDA, 0x37, 0x94, 0x30, 0xD6, 0xBF, 0x61, 0xA7, 0x63, 0x0D, 0x1C, 0xA6, 0x39, 0xEF, 0x74, 0xAF,
    0x64, 0x2D, 0x9C, 0x67, 0xFF, 0x5A, 0x99, 0xD2, 0x0E, 0x1A, 0x11, 0x57, 0x61, 0x2D, 0x72, 0x2A,
    0x2A, 0xE5, 0x36, 0x49, 0x3E, 0xCD, 0x05, 0x9B, 0x87, 0xF7, 0x7E, 0x33, 0x14, 0xB3, 0xBF, 0x97,
    0x78, 0x2F, 0x6F, 0x48, 0x8C, 0xC1, 0x21, 0x01, 0x82, 0xDE, 0xDB, 0xDD, 0xD2, 0x26, 0xA1, 0x65,
    0xAD, 0x30, 0x05, 0x67, 0xB5, 0x76, 0x86, 0xD4, 0x8E, 0x75, 0x1A, 0xED, 0x62, 0xBC, 0x18, 0xB1,
    0x6B, 0xC3, 0x1E, 0x87, 0x95, 0xA9, 0xE9, 0xEF, 0x38, 0x10, 0x4E, 0xA9, 0x43, 0xD8, 0x8F, 0xDF,
    0xD1, 0x9A, 0x06, 0x9F, 0xEE, 0x4A, 0x7E, 0xFC, 0x41, 0x36, 0xFE, 0x92, 0x1E, 0xD5, 0x83, 0xC9,
    0x6B, 0x4D, 0xD2, 0x06, 0xBF, 0x8A, 0x65, 0x82, 0x23, 0x04, 0x87, 0x9D, 0x64, 0x95, 0x55, 0xDA,
    0xC9, 0xB3, 0xFA, 0x0B, 0x64, 0x8E, 0x1D, 0x1E, 0xB8, 0x27, 0x0F, 0xC9, 0x9E, 0x27, 0x82, 0xC2,
    0x45, 0xCE, 0xE0, 0x0C, 0x4F, 0xA3, 0xBA, 0x60, 0x20, 0x11, 0x1E, 0xEE, 0x0C, 0x2C, 0x12, 0xB2,
    0xD6, 0x05, 0x1A, 0x7A, 0x7C, 0x10, 0xF1, 0xE7, 0x41, 0xEF, 0xBC, 0x25, 0xC2, 0x1A, 0x10, 0x61,
    0x19, 0xB3, 0x3B, 0xB4, 0xCF, 0x1B, 0xEF, 0x23, 0x33, 0x44, 0x82, 0x4B, 0x39, 0x49, 0x28, 0x2B,
    0xAB, 0xBA, 0x2B, 0xD6, 0xD4, 0xFE, 0xC1, 0x34, 0x43, 0xBC, 0x02, 0xA7, 0x6D, 0xBF, 0x2B, 0x0D,
    0x7D, 0x4B, 0x96, 0x11, 0xEE, 0xD7, 0xFA, 0x16, 0xF9, 0x63, 0xDB, 0x0B, 0x3D, 0xFE, 0x06, 0x7D,
    0x7B, 0x4C, 0xEB, 0x7F, 0x29, 0xD1, 0x68, 0x7F, 0x2A, 0x3C, 0xA6, 0x47, 0x33, 0x5B, 0xF1, 0xA5,
    0xE9, 0x2B, 0xF5, 0x2D, 0xAD, 0xCD, 0x03, 0x72, 0xB7, 0x15, 0xFA, 0xA6, 0xF9, 0xF2, 0x97, 0xB5,
    0x36, 0x3B, 0x1E, 0x9D, 0x57, 0x26, 0x58, 0xDE, 0x7B, 0xCB, 0x0A, 0x52, 0xAD, 0x7F, 0x38, 0x5D,
    0x32, 0x9A, 0xAB, 0xBF, 0x24, 0xF7, 0x56, 0xBC, 0xF2, 0xCC, 0x09, 0x6D, 0x15, 0x77, 0xA1, 0xB7,
    0x3F, 0xF7, 0xE6, 0x0B, 0xDE, 0xC1, 0x7E, 0xBF, 0x34, 0xB1, 0xED, 0x15, 0xCD, 0x8D, 0x3E, 0x65,
    0x3B, 0x31, 0xF5, 0x60, 0x75, 0x53, 0xF1, 0xB6, 0xDF, 0x75, 0xFF, 0x74, 0xC9, 0xBD, 0xC1, 0x98,
    0xDD, 0xA9, 0x9B, 0x8B, 0xD1, 0xD3, 0xD0, 0x46, 0x73, 0xF1, 0xF6, 0xA9, 0x77, 0x34, 0x1E, 0x34,
    0x3C, 0x41, 0xC4, 0x34, 0x40, 0x1F, 0x16, 0x80, 0xB0, 0x03, 0x6A, 0x27, 0x28, 0x29, 0x3B, 0x9C,
    0xF6, 0x4B, 0x4B, 0xD5, 0xA8, 0x12, 0x7A, 0xBD, 0x80, 0xDC, 0xA2, 0xFF, 0x16, 0x86, 0xDB, 0xE7,
    0x17, 0x30, 0x34, 0xBF, 0xB5, 0xDC, 0x2C, 0xC1, 0xD5, 0xB5, 0x50, 0x9C, 0x5E, 0xF7, 0x3A, 0x47,
    0x17, 0x41, 0xB5, 0xA7, 0x9B, 0xE6, 0xD9, 0xE6, 0xD9, 0xD3, 0x4D, 0x94, 0xFF, 0xB4, 0x33, 0xEB,
    0x6F, 0x48, 0x3B, 0xB0, 0x55, 0xF2, 0x01, 0x93, 0x82, 0xC0, 0x2F, 0xC3, 0x3A, 0xAC, 0xF9, 0xE9,
    0xCC, 0xC4, 0x17, 0x19, 0xFD, 0x1D, 0x52, 0xCF, 0x9C, 0xFF, 0x0E, 0x07, 0x3D, 0x3A, 0x9B, 0xED,
    0xB2, 0xCA, 0x25, 0x5A, 0x31, 0x31, 0xA1, 0x9C, 0x97, 0x17, 0x3B, 0xAC, 0x38, 0xE3, 0x6C, 0x23,
    0x55, 0x03, 0xBB, 0x21, 0x2B, 0x95, 0x80, 0xB1, 0x75, 0x35, 0x65, 0x9E, 0x55, 0x9D, 0xC4, 0x4D,
    0xDA, 0x96, 0x83, 0xD9, 0xDE, 0xAD, 0xD8, 0x44, 0x3E, 0x9E, 0x5A, 0x8E, 0xCA, 0xAF, 0xA6, 0x90,
    0xBB, 0x66, 0x8A, 0x56, 0x65, 0x12, 0x64, 0xD1, 0x4C, 0xEC, 0xAD, 0xD4, 0x8F, 0x5E, 0xA7, 0xC3,
    0x1B, 0xF8, 0xFC, 0x06, 0x7E, 0xFE, 0x1E, 0xBB, 0x23, 0x48, 0x6D, 0xD1, 0x7E, 0x11, 0x3D, 0xA2,
    0xC3, 0xFE, 0x6A, 0x27, 0x7D, 0xC2, 0x21, 0xC5, 0x41, 0xE1, 0x3B, 0x55, 0xF1, 0x83, 0x14, 0xEE,
    0x91, 0x7B, 0x38, 0x57, 0x2B, 0xF3, 0xDC, 0x29, 0x7E, 0x78, 0x5E, 0xC6, 0xC9, 0xB4, 0xE4, 0xC0,
    0xE1, 0xED, 0x50, 0x2C, 0x82, 0xF7, 0x63, 0x25, 0x3F, 0x63, 0x23, 0xE4, 0x50, 0x8B, 0x86, 0x9F,
    0xAA, 0x20, 0x3B, 0xEE, 0x94, 0xFA, 0x06, 0xC9, 0xF9, 0x87, 0xA9, 0xC1, 0x87, 0x77, 0xD0, 0xDB,
    0xA7, 0xB7, 0x87, 0x77, 0x8A, 0xF7, 0x41, 0x7A, 0x47, 0xF4, 0xF6, 0xB0, 0x33, 0xEB, 0x52, 0x40,
    0xB7, 0xA1, 0x7E, 0xFC, 0x6D, 0x6A, 0xF6, 0x61, 0x02, 0xC9, 0xDF, 0xC6, 0xF2, 0xC6, 0x6B, 0x15,
    0xB2, 0xB1, 0x30, 0xB4, 0xF8, 0x49, 0x79, 0x58, 0x84, 0x31, 0xEF, 0x25, 0x60, 0xD4, 0x6A, 0x93,
    0x94, 0xB1, 0x18, 0x36, 0x75, 0xF6, 0x0D, 0x64, 0x1E, 0x3A, 0x4E, 0xEF, 0x03, 0x32, 0x3C, 0x8C,
    0x13, 0x03, 0x5E, 0x7A, 0x7F, 0xD1, 0xFC, 0x76, 0x0F, 0xDA, 0x83, 0x16, 0x0A, 0x79, 0xD3, 0x60,
    0x65, 0x9F, 0xEE, 0xC4, 0x43, 0xC6, 0xDE, 0x42, 0x0C, 0xD8, 0xB9, 0x8A, 0x87, 0x47, 0xD0, 0xAF,
    0x05, 0x36, 0x2B, 0x96, 0xC8, 0x7C, 0xD4, 0xAB, 0xF7, 0xCF, 0xAA, 0x72, 0xB7, 0x2A, 0x1F, 0x54,
    0xE5, 0x5E, 0x55, 0x7E, 0x51, 0x95, 0x3B, 0x67, 0xFF, 0xF4, 0xCD, 0x3E, 0x55, 0x1E, 0x50, 0xE5,
    0x05, 0xF5, 0x6A, 0x85, 0x4E, 0x69, 0xDE, 0x4B, 0xD5, 0x73, 0xA7, 0x6B, 0x1E, 0xC2, 0xC6, 0x45,
    0xC4, 0x78, 0xEE, 0x20, 0x1A, 0xA9, 0x6F, 0x1E, 0xD1, 0x25, 0x92, 0xD2, 0x98, 0xD1, 0x66, 0x2D,
    0x52, 0x8C, 0x8A, 0x4F, 0xF7, 0x9D, 0x31, 0x03, 0xF5, 0x52, 0xF8, 0xF8, 0x89, 0xF9, 0xFD, 0x6D,
    0x15, 0x73, 0x81, 0x5D, 0x20, 0x35, 0x96, 0xCC, 0xA7, 0xF8, 0xD6, 0x3E, 0x58, 0x51, 0xE7, 0xF3,
    0x81, 0x59, 0xE5, 0xA6, 0x97, 0x37, 0x30, 0x2C, 0xA2, 0x7B, 0x4D, 0x68, 0xB5, 0x59, 0xFA, 0x2B,
    0xE6, 0xB5, 0x79, 0x2B, 0xA8, 0x0A, 0xDE, 0xEB, 0xF7, 0xD4, 0xF7, 0xA8, 0x67, 0xE3, 0x9B, 0xB7,
    0xDB, 0x22, 0xAD, 0x03, 0xB2, 0x19, 0x5F, 0x2C, 0x2B, 0x32, 0x8F, 0xC6, 0xB8, 0x6C, 0xE2, 0xC6,
    0xED, 0xE3, 0x3C, 0xD3, 0xAD, 0xD7, 0x6E, 0x23, 0x31, 0xF6, 0x1D, 0x5E, 0xCE, 0x28, 0xBE, 0xCC,
    0x8F, 0x26, 0x1A, 0xF7, 0x62, 0x55, 0xD2, 0x19, 0xBE, 0x8C, 0x5B, 0xB8, 0xFD, 0xD7, 0xA0, 0xCC,
    0xBD, 0xEE, 0x78, 0xC1, 0xAE, 0x67, 0x35, 0xCC, 0xB6, 0xC7, 0xEC, 0x56, 0xEA, 0x57, 0xF1, 0x08,
    0x11, 0x17, 0x8F, 0xA3, 0xC0, 0xB3, 0xA4, 0x4E, 0x44, 0xBD, 0xD3, 0xD6, 0x35, 0xCC, 0x86, 0xE3,
    0x6C, 0xDD, 0x3D, 0x5C, 0x61, 0x40, 0xC7, 0xEB, 0x73, 0x64, 0x8D, 0xD5, 0x19, 0x79, 0x65, 0xFF,
    0xBC, 0x4C, 0xB0, 0x53, 0x13, 0xF9, 0xF5, 0xFD, 0x9B, 0xCA, 0x79, 0x09, 0x8D, 0x04, 0xE4, 0x2A,
    0xE9, 0x9C, 0x9F, 0xCC, 0x54, 0x1F, 0x3C, 0x45, 0xB6, 0xC8, 0xC5, 0x03, 0x98, 0xA4, 0x7B, 0xF0,
    0x61, 0x68, 0xD3, 0xBD, 0x0F, 0xC3, 0x8F, 0xDC, 0x7B, 0x90, 0x5C, 0xEA, 0x7F, 0x70, 0x30, 0x7A,
    0x6A, 0x40, 0xC2, 0x43, 0xEC, 0x0D, 0x45, 0xD2, 0x65, 0xCE, 0x8F, 0x21, 0x99, 0x94, 0x36, 0x64,
    0xE1, 0xD9, 0x1D, 0x70, 0xDF, 0x1E, 0xE3, 0xBE, 0xBD, 0xCF, 0x7D, 0xD3, 0xD4, 0xB7, 0x73, 0x98,
    0x90, 0x42, 0xDF, 0x2A, 0xEE, 0x5B, 0x8B, 0xBE, 0x85, 0xDC, 0xB7, 0x90, 0xFB, 0x16, 0x72, 0xDF,
    0x76, 0xF9, 0x58, 0x68, 0x95, 0xC4, 0x45, 0x1B, 0x8F, 0x8C, 0x9F, 0x9B, 0x6A, 0xFD, 0xA9, 0xF2,
    0xB2, 0x5B, 0xF7, 0xAA, 0x19, 0x55, 0x3B, 0x3A, 0xED, 0x1A, 0x89, 0x2D, 0x1A, 0x55, 0x8C, 0x71,
    0x13, 0x00, 0xC8, 0x26, 0x89, 0x1A, 0x4C, 0x0A, 0x92, 0xA5, 0x77, 0xD9, 0xAD, 0x3A, 0xBF, 0x21,
    0x58, 0x5F, 0x72, 0xDB, 0x93, 0x4E, 0x13, 0x3D, 0x55, 0x91, 0x0F, 0xEF, 0x14, 0x79, 0xF0, 0x47,
    0x4D, 0xA4, 0x2E, 0x1F, 0xA2, 0x7F, 0x67, 0x58, 0x77, 0xC8, 0x26, 0xB8, 0x48, 0x20, 0x27, 0xBB,
    0x81, 0xAE, 0x95, 0x69, 0x03, 0xCC, 0xFA, 0x05, 0x78, 0x4E, 0xC4, 0x03, 0xAA, 0x4F, 0xF2, 0x93,
    0x49, 0xBA, 0x96, 0xA8, 0xB5, 0xFD, 0xEA, 0x52, 0xF8, 0xBF, 0xD4, 0xEE, 0x98, 0xE2, 0x91, 0x20,
    0x78, 0xAE, 0xE6, 0x37, 0x79, 0x83, 0x7D, 0x0F, 0x51, 0x8B, 0x29, 0x87, 0x11, 0x02, 0x94, 0x04,
    0x4E, 0xA4, 0xF3, 0x10, 0xEC, 0x4A, 0x68, 0xAE, 0x62, 0x38, 0xFF, 0x6F, 0x6B, 0xDD, 0x5E, 0x46,
    0x38, 0xD8, 0x6D, 0x9E, 0xBC, 0x8D, 0x9F, 0xD7, 0xFA, 0x06, 0x5C, 0xD9, 0x53, 0x0E, 0x67, 0x91,
    0x4F, 0x49, 0x68, 0x64, 0xBD, 0x79, 0x8C, 0x21, 0xF5, 0x5D, 0xCC, 0x5C, 0x52, 0x00, 0x76, 0x7F,
    0xC6, 0xB4, 0x0F, 0xFF, 0xF8, 0x56, 0x85, 0xB3, 0xEA, 0xF8, 0x37, 0x91, 0x29, 0x88, 0x4C, 0xC8,
    0xFF, 0xA1, 0x87, 0x3C, 0xA7, 0xFE, 0xFC, 0x13, 0x6D, 0xFA, 0x93, 0x21, 0xC5, 0xA1, 0xE2, 0xAD,
    0xCD, 0x75, 0xCC, 0x3B, 0xE3, 0xB4, 0xEE, 0x4E, 0xD9, 0xFE, 0x90, 0x0F, 0x79, 0x46, 0xEB, 0x0F,
    0x6C, 0x7F, 0x2E, 0x64, 0xA6, 0x3F, 0xC7, 0xE5, 0xB1, 0x6D, 0x51, 0x73, 0x5C, 0x2C, 0x40, 0x3F,
    0x3F, 0x6E, 0x37, 0x8E, 0x1C, 0xDF, 0xBA, 0x3F, 0xBB, 0x6D, 0x7F, 0xB0, 0xFE, 0xF5, 0x35, 0x3C,
    0x81, 0xD2, 0x63, 0x10, 0x41, 0xD8, 0x5C, 0xB6, 0x50, 0xD2, 0xD0, 0x36, 0x06, 0x50, 0xBA, 0xF4,
    0x2B, 0xE9, 0x5B, 0x45, 0x72, 0x3B, 0x42, 0x24, 0x0F, 0xF5, 0xA5, 0x2D, 0x74, 0xB7, 0x6E, 0x7A,
    0x38, 0xF2, 0x72, 0x49, 0x4C, 0x9D, 0xBC, 0xC6, 0x5B, 0xB1, 0x6B, 0x0B, 0x37, 0xA2, 0xAF, 0x5C,
    0x40, 0x97, 0x8C, 0xE6, 0x29, 0x5E, 0x04, 0x3D, 0x22, 0x5D, 0x59, 0xAB, 0x10, 0x00, 0xDA, 0x6D,
    0x13, 0x12, 0xC8, 0x5A, 0x12, 0x27, 0xA5, 0x5E, 0xEE, 0x90, 0x9A, 0x20, 0xE5, 0x1D, 0xFF, 0x96,
    0xDE, 0xA7, 0xC2, 0x35, 0x3C, 0x3A, 0x60, 0xD7, 0x45, 0x38, 0x2A, 0x5F, 0x61, 0x07, 0x66, 0x8D,
    0x50, 0x50, 0x7C, 0xD4, 0xD5, 0xEA, 0x81, 0x50, 0x37, 0x47, 0x49, 0xE4, 0x43, 0xD8, 0x49, 0x33,
    0x0B, 0x19, 0x89, 0x54, 0x33, 0x64, 0x95, 0xE2, 0xA1, 0x3E, 0xE5, 0x55, 0x08, 0x80, 0x02, 0xF3,
    0x43, 0x05, 0x8C, 0xF9, 0x02, 0xCE, 0x85, 0x06, 0x3D, 0x21, 0x3F, 0x25, 0x9E, 0xC3, 0x41, 0x44,
    0x83, 0x9C, 0x31, 0xD4, 0xD1, 0x92, 0x80, 0x99, 0x94, 0x48, 0x04, 0x52, 0x46, 0x78, 0xEE, 0x40,
    0x82, 0x67, 0xD4, 0xC0, 0xB5, 0xF9, 0x63, 0xEC, 0x5B, 0x2D, 0x58, 0x97, 0xFD, 0xEF, 0x12, 0x09,
    0x82, 0x4D, 0xE2, 0xA0, 0x09, 0xD2, 0x72, 0xCE, 0x4F, 0xC8, 0x63, 0x7D, 0xBD, 0x55, 0xDB, 0x61,
    0xDB, 0xE2, 0x8D, 0x89, 0x70, 0xD8, 0xB4, 0x78, 0x73, 0xEE, 0x9B, 0x94, 0x65, 0x10, 0x1C, 0xA3,
    0x9F, 0x23, 0xFA, 0x94, 0x9D, 0xAF, 0xF7, 0xF0, 0xB3, 0x1B, 0xD5, 0x7E, 0x17, 0x29, 0xB2, 0x07,
    0xD2, 0x48, 0x23, 0x29, 0x66, 0x7A, 0x53, 0x67, 0x2E, 0xC3, 0xE7, 0x60, 0x93, 0xB9, 0xE6, 0xAC,
    0x03, 0x24, 0x5B, 0x61, 0x5A, 0x90, 0xD3, 0xB6, 0x3B, 0xFC, 0xEF, 0xD3, 0x0B, 0x31, 0xE7, 0x75,
    0xD2, 0xE5, 0x09, 0x62, 0xCA, 0xE3, 0x3C, 0x6B, 0xF0, 0x84, 0x3C, 0x42, 0xEF, 0x24, 0x01, 0x78,
    0x20, 0xA2, 0x1F, 0x69, 0x18, 0x38, 0xFF, 0x0A, 0x77, 0xA6, 0x54, 0x5F, 0x42, 0xC8, 0x66, 0x67,
    0x13, 0xF1, 0xE7, 0xDB, 0xF0, 0x5C, 0xB8, 0x34, 0xC9, 0x33, 0xFC, 0x51, 0xC7, 0x4E, 0x52, 0x1B,
    0x0F, 0x3D, 0x4D, 0xFD, 0xE7, 0x39, 0xF4, 0x7F, 0x7A, 0x81, 0xFD, 0x1E, 0xF8, 0x3A, 0x1C, 0x84,
    0xD6, 0xAF, 0xD1, 0x98, 0x08, 0xC3, 0xD7, 0xC9, 0x11, 0x0C, 0x1B, 0xA7, 0x8B, 0x6A, 0xBF, 0x26,
    0x18, 0xA5, 0x49, 0xB9, 0xFE, 0x64, 0x81, 0x3D, 0xF9, 0xBD, 0x0C, 0x4E, 0xCB, 0xAC, 0xAC, 0x0C,
    0x50, 0x48, 0x31, 0xFE, 0xCD, 0x7F, 0xC5, 0x81, 0xD9, 0xF8, 0x8C, 0x67, 0xB7, 0x35, 0x26, 0x3B,
    0xFF, 0x1F, 0x9D, 0x55, 0x78, 0xE0, 0xB0, 0x5F, 0x15, 0xB9, 0x6F, 0x00, 0x65, 0xFA, 0x54, 0x66,
    0xC8, 0x97, 0x84, 0x3E, 0x11, 0x08, 0x1E, 0x7A, 0xBA, 0x31, 0x7D, 0x12, 0x61, 0x8E, 0x80, 0xE4,
    0xF6, 0x21, 0x8C, 0xA8, 0x50, 0x9C, 0xF6, 0xD7, 0x01, 0xD8, 0xA8, 0xE2, 0xBD, 0xC4, 0xE9, 0xCF,
    0xF0, 0x36, 0x1A, 0xEC, 0x51, 0x0F, 0x31, 0xCF, 0x87, 0xEC, 0x2E, 0x0D, 0x1E, 0x50, 0x5E, 0xFB,
    0x88, 0xEF, 0xC1, 0x47, 0xE0, 0x35, 0xC4, 0x93, 0x86, 0x83, 0x0A, 0xCF, 0x2D, 0xF9, 0x90, 0x33,
    0x2B, 0x50, 0x47, 0xB7, 0xDD, 0x9F, 0xDE, 0xBB, 0x4B, 0xB7, 0x6B, 0x11, 0x11, 0x32, 0x81, 0xB6,
    0x59, 0xDB, 0xD3, 0xD5, 0xCF, 0x2A, 0xAF, 0xFC, 0x26, 0xC7, 0x2A, 0xAF, 0x8B, 0x27, 0x88, 0xC7,
    0x36, 0x60, 0x8F, 0x3F, 0xA6, 0x13, 0xB4, 0xE8, 0x2C, 0x4C, 0x5A, 0xC0, 0xB1, 0xC4, 0x12, 0xF0,
    0x7E, 0xFB, 0x24, 0x2B, 0x1F, 0x66, 0xC1, 0x61, 0xE4, 0x0E, 0xBD, 0x4C, 0x97, 0x5D, 0xA1, 0x1E,
    0x5E, 0x41, 0x56, 0x6B, 0x47, 0x5F, 0x97, 0xBC, 0xA5, 0x05, 0x87, 0x73, 0xE5, 0xD1, 0x35, 0xB2,
    0x0F, 0x48, 0xDA, 0x9E, 0x26, 0x5A, 0x39, 0xAD, 0x42, 0x3A, 0x87, 0xF4, 0x39, 0x4E, 0xC3, 0x37,
    0xAE, 0x10, 0x9D, 0x9D, 0x33, 0xFE, 0x1B, 0x62, 0x39, 0x8E, 0xD4, 0xCE, 0xE0, 0xB6, 0x5E, 0xE7,
    0xF6, 0x01, 0x29, 0xA7, 0xB0, 0xF1, 0xCC, 0x3B, 0xA4, 0xCF, 0x71, 0xE7, 0xF1, 0x13, 0xEA, 0x5E,
    0xE4, 0x30, 0xED, 0x38, 0x8D, 0xCB, 0xAC, 0x04, 0x5A, 0x49, 0xA8, 0x10, 0x55, 0x3D, 0x44, 0x24,
    0x0C, 0x2D, 0xEA, 0x89, 0xC5, 0x5A, 0xCE, 0x2D, 0xD6, 0xFF, 0x0F,
};

static const EpdGlyph bravura_23Glyphs[] = {
    { 0, 0, 0, 0, 0, 0, 0 }, // U+0000
    { 0, 0, 77, 0, 0, 0, 0 }, // U+0020
    { 29, 28, 484, 1, 27, 203, 0 }, // U+00BC
    { 29, 28, 500, 1, 27, 203, 203 }, // U+00BD
    { 29, 29, 490, 1, 28, 211, 406 }, // U+00BE
    { 18, 48, 282, 0, 48, 216, 0 }, // U+E040
    { 18, 49, 281, 0, 49, 221, 216 }, // U+E041
    { 30, 49, 466, 0, 49, 368, 437 }, // U+E042
    { 5, 17, 77, 0, 32, 22, 805 }, // U+E043
    { 5, 5, 77, 0, 3, 7, 827 }, // U+E044
    { 52, 22, 830, 0, 21, 286, 834 }, // U+E045
    { 52, 22, 830, 0, 21, 286, 1120 }, // U+E046
    { 27, 38, 427, 0, 36, 257, 1406 }, // U+E047
    { 47, 52, 731, -1, 44, 611, 1663 }, // U+E048
    { 40, 52, 628, 0, 43, 520, 2274 }, // U+E049
    { 20, 52, 308, 0, 50, 260, 2794 }, // U+E04A
    { 20, 52, 308, 0, 50, 260, 3054 }, // U+E04B
    { 18, 37, 284, 0, 42, 167, 3314 }, // U+E04C
    { 18, 37, 284, 0, 42, 167, 3481 }, // U+E04D
    { 33, 85, 514, 0, 53, 702, 3648 }, // U+E050
    { 33, 95, 514, 0, 53, 784, 4350 }, // U+E051
    { 33, 95, 509, 0, 53, 784, 5134 }, // U+E052
    { 33, 95, 514, 0, 63, 784, 5918 }, // U+E053
    { 33, 96, 514, 0, 64, 792, 6702 }, // U+E054
    { 51, 85, 800, 0, 53, 1084, 7494 }, // U+E055
    { 41, 85, 646, 0, 53, 872, 8578 }, // U+E056
    { 32, 97, 509, 0, 53, 776, 9450 }, // U+E057
    { 33, 85, 531, 0, 53, 702, 10226 }, // U+E058
    { 33, 85, 514, 0, 53, 702, 10928 }, // U+E059
    { 33, 90, 513, 0, 58, 743, 11630 }, // U+E05A
    { 33, 88, 516, 0, 53, 726, 12373 }, // U+E05B
    { 34, 48, 536, 0, 24, 408, 13099 }, // U+E05C
    { 34, 60, 536, 0, 24, 510, 13507 }, // U+E05D
    { 36, 68, 536, -2, 44, 612, 14017 }, // U+E05E
    { 36, 68, 537, -2, 24, 612, 14629 }, // U+E05F
    { 28, 48, 448, 0, 24, 336, 15241 }, // U+E060
    { 11, 52, 179, 0, 26, 143, 15577 }, // U+E061
    { 34, 44, 524, -1, 13, 374, 15720 }, // U+E062
    { 34, 49, 524, -1, 13, 417, 16094 }, // U+E063
    { 22, 24, 360, 0, 12, 132, 16511 }, // U+E080
    { 16, 24, 256, 0, 12, 96, 16643 }, // U+E081
    { 21, 25, 342, 0, 13, 132, 16739 }, // U+E082
    { 20, 24, 323, 0, 12, 120, 16871 }, // U+E083
    { 22, 25, 360, 0, 13, 138, 16991 }, // U+E084
    { 19, 25, 309, 0, 12, 119, 17129 }, // U+E085
    { 20, 24, 333, 0, 12, 120, 17248 }, // U+E086
    { 21, 24, 338, 0, 12, 126, 17368 }, // U+E087
    { 20, 26, 334, 0, 13, 130, 17494 }, // U+E088
    { 20, 25, 333, 0, 12, 125, 17624 }, // U+E089
    { 21, 24, 325, 0, 12, 126, 17749 }, // U+E08A
    { 21, 36, 320, 0, 18, 189, 17875 }, // U+E08B
    { 25, 25, 383, -1, 12, 157, 18064 }, // U+E08C
    { 14, 14, 195, -1, 7, 49, 18221 }, // U+E08D
    { 19, 19, 290, 0, 9, 91, 18270 }, // U+E08E
    { 22, 12, 344, 0, 6, 66, 18361 }, // U+E08F
    { 22, 4, 344, 0, 2, 22, 18427 }, // U+E090
    { 19, 19, 304, 0, 10, 91, 18449 }, // U+E091
    { 6, 24, 84, 0, 12, 36, 18540 }, // U+E092
    { 6, 24, 84, 0, 12, 36, 18576 }, // U+E093
    { 9, 47, 141, 0, 24, 106, 18612 }, // U+E094
    { 9, 47, 141, 0, 24, 106, 18718 }, // U+E095
    { 9, 15, 152, 0, 7, 34, 18824 }, // U+E096
    { 20, 25, 318, 0, 13, 125, 18858 }, // U+E097
    { 20, 24, 325, 0, 12, 120, 18983 }, // U+E098
    { 21, 25, 344, 0, 13, 132, 19103 }, // U+E099
    { 21, 24, 338, 0, 12, 126, 19235 }, // U+E09A
    { 21, 24, 342, 0, 12, 126, 19361 }, // U+E09B
    { 20, 37, 311, 0, 18, 185, 19487 }, // U+E09C
    { 42, 24, 648, -1, 12, 252, 19672 }, // U+E09D
    { 0, 0, 0, 0, 0, 0, 19924 }, // U+E09E
    { 0, 0, 0, 0, 0, 0, 19924 }, // U+E09F
    { 29, 16, 459, 0, 8, 116, 19924 }, // U+E0A0
    { 20, 20, 319, 0, 10, 100, 20040 }, // U+E0A1
    { 21, 12, 324, 0, 6, 63, 20140 }, // U+E0A2
    { 15, 12, 226, 0, 6, 45, 20203 }, // U+E0A3
    { 15, 12, 226, 0, 6, 45, 20248 }, // U+E0A4
    { 0, 0, 226, 0, 0, 0, 20293 }, // U+E0A5
    { 27, 16, 419, 0, 8, 108, 20293 }, // U+E0A6
    { 19, 12, 289, 0, 6, 57, 20401 }, // U+E0A7
    { 16, 13, 256, 0, 6, 52, 20458 }, // U+E0A8
    { 14, 13, 222, 0, 6, 46, 20510 }, // U+E0A9
    { 12, 12, 190, 0, 6, 36, 20556 }, // U+E0AA
    { 5, 5, 77, 0, 3, 7, 20592 }, // U+E1E7
    { 13, 41, 202, 0, 1, 134, 20599 }, // U+E240
    { 15, 40, 235, 0, 39, 150, 20733 }, // U+E241
    { 14, 40, 214, 0, 1, 140, 20883 }, // U+E242
    { 15, 40, 224, 0, 39, 150, 21023 }, // U+E243
    { 13, 47, 201, 0, 8, 153, 21173 }, // U+E244
    { 14, 48, 210, 0, 39, 168, 21326 }, // U+E245
    { 13, 56, 201, 0, 17, 182, 21494 }, // U+E246
    { 14, 57, 211, 0, 39, 200, 21676 }, // U+E247
    { 13, 65, 199, 0, 26, 212, 21876 }, // U+E248
    { 14, 67, 211, 0, 39, 235, 22088 }, // U+E249
    { 13, 73, 205, 0, 34, 238, 22323 }, // U+E24A
    { 15, 75, 231, 0, 39, 282, 22561 }, // U+E24B
    { 13, 82, 205, 0, 43, 267, 22843 }, // U+E24C
    { 15, 84, 231, 0, 39, 315, 23110 }, // U+E24D
    { 13, 91, 209, 0, 52, 296, 23425 }, // U+E24E
    { 15, 94, 238, 0, 36, 353, 23721 }, // U+E24F
    { 11, 31, 173, 0, 22, 86, 24074 }, // U+E260
    { 9, 33, 129, 0, 17, 75, 24160 }, // U+E261
    { 12, 34, 191, 0, 17, 102, 24235 }, // U+E262
    { 12, 12, 192, 0, 6, 36, 24337 }, // U+E263
    { 20, 30, 317, 0, 21, 150, 24373 }, // U+E264
    { 25, 34, 393, 0, 17, 213, 24523 }, // U+E265
    { 29, 30, 460, 0, 21, 218, 24736 }, // U+E266
    { 22, 39, 352, 0, 22, 215, 24954 }, // U+E267
    { 24, 34, 368, 0, 17, 204, 25169 }, // U+E268
    { 25, 34, 398, 0, 17, 213, 25373 }, // U+E269
    { 7, 24, 108, 0, 12, 42, 25586 }, // U+E26A
    { 7, 24, 108, 0, 12, 42, 25628 }, // U+E26B
    { 4, 18, 59, 0, 9, 18, 25670 }, // U+E26C
    { 4, 18, 59, 0, 9, 18, 25688 }, // U+E26D
    { 17, 12, 260, 0, 12, 51, 25706 }, // U+E4A0
    { 17, 12, 260, 0, 0, 51, 25757 }, // U+E4A1
    { 5, 5, 64, 0, 5, 7, 25808 }, // U+E4A2
    { 5, 5, 64, 0, 0, 7, 25815 }, // U+E4A3
    { 18, 3, 259, -1, 3, 14, 25822 }, // U+E4A4
    { 18, 3, 259, -1, 0, 14, 25836 }, // U+E4A5
    { 5, 15, 78, 0, 15, 19, 25850 }, // U+E4A6
    { 5, 15, 78, 0, 0, 19, 25869 }, // U+E4A7
    { 5, 14, 68, 0, 14, 18, 25888 }, // U+E4A8
    { 5, 14, 68, 0, 0, 18, 25906 }, // U+E4A9
    { 3, 14, 37, 0, 14, 11, 25924 }, // U+E4AA
    { 3, 14, 37, 0, 0, 11, 25935 }, // U+E4AB
    { 13, 14, 181, -1, 13, 46, 25946 }, // U+E4AC
    { 13, 13, 181, -1, 0, 43, 25992 }, // U+E4AD
    { 13, 22, 181, -1, 22, 72, 26035 }, // U+E4AE
    { 13, 22, 181, -1, 0, 72, 26107 }, // U+E4AF
    { 17, 21, 261, 0, 21, 90, 26179 }, // U+E4B0
    { 18, 20, 260, -1, 0, 90, 26269 }, // U+E4B1
    { 18, 12, 260, -1, 12, 54, 26359 }, // U+E4B2
    { 18, 12, 259, -1, 0, 54, 26413 }, // U+E4B3
    { 18, 17, 260, -1, 17, 77, 26467 }, // U+E4B4
    { 18, 17, 260, -1, 0, 77, 26544 }, // U+E4B5
    { 12, 12, 180, 0, 12, 36, 26621 }, // U+E4B6
    { 12, 12, 182, 0, 0, 36, 26657 }, // U+E4B7
    { 19, 10, 293, 0, 10, 48, 26693 }, // U+E4B8
    { 19, 10, 294, 0, 0, 48, 26741 }, // U+E4B9
    { 18, 7, 281, 0, 7, 32, 26789 }, // U+E4BA
    { 18, 7, 280, 0, 0, 32, 26821 }, // U+E4BB
    { 18, 21, 259, -1, 21, 95, 26853 }, // U+E4BC
    { 18, 21, 259, -1, 0, 95, 26948 }, // U+E4BD
    { 29, 16, 464, 0, 16, 116, 27043 }, // U+E4C0
    { 29, 16, 464, 0, 0, 116, 27159 }, // U+E4C1
    { 35, 22, 564, 0, 22, 193, 27275 }, // U+E4C2
    { 35, 23, 564, 0, 1, 202, 27468 }, // U+E4C3
    { 29, 17, 462, 0, 17, 124, 27670 }, // U+E4C4
    { 19, 24, 292, 0, 12, 114, 27794 }, // U+E4E0
    { 6, 24, 96, 0, 12, 36, 27908 }, // U+E4E1
    { 6, 12, 97, 0, 12, 18, 27944 }, // U+E4E2
    { 14, 7, 217, 0, 0, 25, 27962 }, // U+E4E3
    { 14, 7, 217, 0, 7, 25, 27987 }, // U+E4E4
    { 13, 36, 207, 0, 18, 117, 28012 }, // U+E4E5
    { 12, 22, 192, 0, 9, 66, 28129 }, // U+E4E6
    { 16, 33, 245, 0, 9, 132, 28195 }, // U+E4E7
    { 18, 45, 278, 0, 21, 203, 28327 }, // U+E4E8
    { 21, 57, 325, 0, 21, 300, 28530 }, // U+E4E9
    { 24, 70, 372, 0, 33, 420, 28830 }, // U+E4EA
    { 26, 83, 415, 0, 34, 540, 29250 }, // U+E4EB
    { 29, 94, 463, 0, 45, 682, 29790 }, // U+E4EC
    { 33, 106, 512, 0, 58, 875, 30472 }, // U+E4ED
    { 38, 26, 601, 0, 13, 247, 31347 }, // U+E4EE
    { 18, 26, 289, 0, 13, 117, 31594 }, // U+E4EF
    { 19, 10, 251, -2, 5, 48, 31711 }, // U+E4F0
    { 18, 26, 289, 0, 13, 117, 31759 }, // U+E4F1
    { 12, 22, 192, 0, 9, 66, 31876 }, // U+E4F2
    { 15, 15, 225, 0, 13, 57, 31942 }, // U+E4F3
    { 26, 8, 216, -6, 1, 52, 31999 }, // U+E4F4
    { 26, 8, 216, -6, 7, 52, 32051 }, // U+E4F5
    { 12, 22, 192, 0, 11, 66, 32103 }, // U+E4F6
    { 23, 21, 280, -5, 13, 121, 32169 }, // U+E520
    { 23, 14, 335, -1, 13, 81, 32290 }, // U+E521
    { 25, 30, 279, -7, 22, 188, 32371 }, // U+E522
    { 15, 13, 212, -1, 13, 49, 32559 }, // U+E523
    { 11, 14, 176, 0, 13, 39, 32608 }, // U+E524
    { 14, 14, 187, -2, 13, 49, 32647 }, // U+E525
    { 17, 14, 236, -2, 13, 60, 32696 }, // U+E526
    { 107, 21, 1629, -5, 14, 562, 32756 }, // U+E527
    { 90, 21, 1362, -5, 13, 473, 33318 }, // U+E528
    { 73, 21, 1086, -5, 13, 384, 33791 }, // U+E529
    { 57, 21, 822, -5, 13, 300, 34175 }, // U+E52A
    { 39, 21, 557, -4, 13, 205, 34475 }, // U+E52B
    { 41, 21, 633, -1, 13, 216, 34680 }, // U+E52C
    { 41, 30, 611, -1, 21, 308, 34896 }, // U+E52D
    { 41, 29, 590, -4, 21, 298, 35204 }, // U+E52E
    { 37, 30, 467, -7, 22, 278, 35502 }, // U+E52F
    { 48, 30, 637, -8, 22, 360, 35780 }, // U+E530
    { 60, 30, 820, -8, 22, 450, 36140 }, // U+E531
    { 71, 30, 1004, -8, 22, 533, 36590 }, // U+E532
    { 83, 30, 1188, -8, 22, 623, 37123 }, // U+E533
    { 37, 29, 475, -7, 21, 269, 37746 }, // U+E534
    { 31, 29, 381, -7, 21, 225, 38015 }, // U+E535
    { 29, 29, 463, 0, 21, 211, 38240 }, // U+E536
    { 41, 29, 649, 0, 21, 298, 38451 }, // U+E537
    { 58, 29, 919, 0, 21, 421, 38749 }, // U+E538
    { 36, 29, 561, 0, 21, 261, 39170 }, // U+E539
    { 52, 29, 824, 0, 21, 377, 39431 }, // U+E53A
    { 47, 29, 739, 0, 21, 341, 39808 }, // U+E53B
    { 31, 30, 479, -1, 22, 233, 40149 }, // U+E53C
    { 37, 29, 570, -1, 21, 269, 40382 }, // U+E53D
    { 36, 13, 575, 0, 17, 117, 40651 }, // U+E53E
    { 36, 13, 575, 0, 17, 117, 40768 }, // U+E53F
    { 75, 13, 1192, 0, 17, 244, 40885 }, // U+E540
    { 7, 6, 103, 0, 3, 11, 41129 }, // U+E541
    { 6, 24, 84, 0, 12, 36, 41140 }, // U+E542
    { 6, 24, 84, 0, 12, 36, 41176 }, // U+E543
    { 4, 24, 59, 0, 12, 24, 41212 }, // U+E544
    { 4, 24, 59, 0, 12, 24, 41236 }, // U+E545
    { 6, 10, 131, 1, 11, 15, 41260 }, // U+E546
    { 11, 2, 213, 1, 7, 6, 41275 }, // U+E547
    { 0, 0, 134, 0, 0, 0, 41281 }, // U+E548
    { 15, 33, 171, -2, 26, 124, 41281 }, // U+E549
    { 18, 30, 274, 0, 26, 135, 41405 }, // U+E560
    { 15, 30, 150, -5, 4, 113, 41540 }, // U+E561
    { 16, 30, 248, 0, 26, 120, 41653 }, // U+E562
    { 10, 30, 150, 0, 4, 75, 41773 }, // U+E563
    { 25, 20, 387, 0, 20, 125, 41848 }, // U+E564
    { 25, 20, 387, 0, 0, 125, 41973 }, // U+E565
    { 25, 20, 399, 0, 19, 125, 42098 }, // U+E566
    { 23, 11, 353, 0, 11, 64, 42223 }, // U+E567
    { 23, 11, 350, -1, 11, 64, 42287 }, // U+E568
    { 23, 20, 353, 0, 15, 115, 42351 }, // U+E569
    { 11, 22, 167, 0, 22, 61, 42466 }, // U+E56A
    { 12, 22, 166, -1, 22, 66, 42527 }, // U+E56B
    { 35, 12, 560, 0, 12, 105, 42593 }, // U+E56C
    { 35, 20, 559, 0, 16, 175, 42698 }, // U+E56D
    { 48, 12, 755, 0, 12, 144, 42873 }, // U+E56E
    { 24, 13, 383, 0, 11, 78, 43017 }, // U+E56F
    { 18, 19, 245, -1, 18, 86, 43095 }, // U+E880
    { 13, 18, 189, 0, 18, 59, 43181 }, // U+E881
    { 16, 19, 245, 0, 19, 76, 43240 }, // U+E882
    { 15, 19, 227, 0, 18, 72, 43316 }, // U+E883
    { 15, 18, 232, 0, 18, 68, 43388 }, // U+E884
    { 16, 19, 243, 0, 18, 76, 43456 }, // U+E885
    { 17, 19, 233, -1, 18, 81, 43532 }, // U+E886
    { 15, 18, 232, 1, 18, 68, 43613 }, // U+E887
    { 16, 19, 240, 0, 18, 76, 43681 }, // U+E888
    { 16, 19, 233, 0, 18, 76, 43757 }, // U+E889
    { 6, 10, 85, 0, 13, 15, 43833 }, // U+E88A
};

static const EpdUnicodeInterval bravura_23Intervals[] = {
    { 0x0, 0x0, 0x0 },
    { 0x20, 0x20, 0x1 },
    { 0xBC, 0xBE, 0x2 },
    { 0xE040, 0xE04D, 0x5 },
    { 0xE050, 0xE063, 0x13 },
    { 0xE080, 0xE0AA, 0x27 },
    { 0xE1E7, 0xE1E7, 0x52 },
    { 0xE240, 0xE24F, 0x53 },
    { 0xE260, 0xE26D, 0x63 },
    { 0xE4A0, 0xE4BD, 0x71 },
    { 0xE4C0, 0xE4C4, 0x8F },
    { 0xE4E0, 0xE4F6, 0x94 },
    { 0xE520, 0xE549, 0xAB },
    { 0xE560, 0xE56F, 0xD5 },
    { 0xE880, 0xE88A, 0xE5 },
};

static const EpdFontGroup bravura_23Groups[] = {
    { 0, 2, 0, 2, 0 },
    { 2, 328, 680, 3, 2 },
    { 330, 16129, 46953, 235, 5 },
};

static const EpdKernClassEntry bravura_23KernLeftClasses[] = {
    { 0xE520, 1 }, // U+E520
    { 0xE522, 2 }, // U+E522
    { 0xE523, 3 }, // U+E523
    { 0xE524, 4 }, // U+E524
    { 0xE525, 5 }, // U+E525
    { 0xE527, 6 }, // U+E527
    { 0xE528, 7 }, // U+E528
    { 0xE529, 7 }, // U+E529
    { 0xE52A, 7 }, // U+E52A
    { 0xE52B, 7 }, // U+E52B
    { 0xE52D, 8 }, // U+E52D
    { 0xE52F, 9 }, // U+E52F
    { 0xE530, 10 }, // U+E530
    { 0xE531, 10 }, // U+E531
    { 0xE532, 9 }, // U+E532
    { 0xE533, 10 }, // U+E533
    { 0xE536, 11 }, // U+E536
    { 0xE53C, 11 }, // U+E53C
    { 0xE549, 12 }, // U+E549
};

static const EpdKernClassEntry bravura_23KernRightClasses[] = {
    { 0xE520, 1 }, // U+E520
    { 0xE522, 2 }, // U+E522
    { 0xE525, 3 }, // U+E525
    { 0xE527, 4 }, // U+E527
    { 0xE528, 5 }, // U+E528
    { 0xE529, 5 }, // U+E529
    { 0xE52A, 6 }, // U+E52A
    { 0xE52B, 6 }, // U+E52B
    { 0xE52D, 7 }, // U+E52D
    { 0xE52F, 8 }, // U+E52F
    { 0xE530, 9 }, // U+E530
    { 0xE531, 9 }, // U+E531
    { 0xE532, 10 }, // U+E532
    { 0xE533, 11 }, // U+E533
    { 0xE534, 12 }, // U+E534
    { 0xE549, 13 }, // U+E549
};

static const int8_t bravura_23KernMatrix[] = {
     -24,    0,    0,    0,    0,    0,    0,    0,    0,    0,    0,    0,    0,
     -84,  -90,  -77,    0,  -77,  -77,    0,    0,    0,    0,    0,    0,  -51,
       0,   18,    0,    0,    0,    0,    0,   18,   18,   18,   18,    0,    0,
       0,   12,    0,    0,    0,    0,    0,    0,   24,   24,   24,    0,    0,
     -36,    0,    0,    0,    0,    0,    0,    0,    0,    0,    0,    0,    0,
       0,    0,    0,    0,    0,    0,    0,   23,   23,   23,   15,    0,    0,
       0,    0,    0,    0,    0,    0,    0,   23,   23,   23,   23,    0,    0,
       0,    0,    0,    0,    0,    0,    0,    0,    0,    0,    0,    0,  -48,
     -77,    0,  -78,  -69,  -69,  -69,    0,    0,    0,    0,    0,    0,  -48,
     -77,    0,  -77,  -69,  -69,  -69,    0,    0,    0,    0,    0,    0,  -48,
     -77,    0,    0,  -69,  -69,  -77,    0,    0,    0,    0,    0,    0,    0,
       0,    0,    0,    0,    0,    0,   -8,   18,   18,    0,   18,   15,    0,
};

static const EpdLigaturePair bravura_23LigaturePairs[] = {
    { 0xE520E520, 0xE52B }, // U+E520 U+E520 -> U+E52B
    { 0xE520E522, 0xE52E }, // U+E520 U+E522 -> U+E52E
    { 0xE521E520, 0xE52C }, // U+E521 U+E520 -> U+E52C
    { 0xE521E522, 0xE52D }, // U+E521 U+E522 -> U+E52D
    { 0xE522E520, 0xE534 }, // U+E522 U+E520 -> U+E534
    { 0xE522E522, 0xE52F }, // U+E522 U+E522 -> U+E52F
    { 0xE522E525, 0xE535 }, // U+E522 U+E525 -> U+E535
    { 0xE523E522, 0xE53C }, // U+E523 U+E522 -> U+E53C
    { 0xE524E522, 0xE536 }, // U+E524 U+E522 -> U+E536
    { 0xE528E520, 0xE527 }, // U+E528 U+E520 -> U+E527
    { 0xE529E520, 0xE528 }, // U+E529 U+E520 -> U+E528
    { 0xE52AE520, 0xE529 }, // U+E52A U+E520 -> U+E529
    { 0xE52BE520, 0xE52A }, // U+E52B U+E520 -> U+E52A
    { 0xE52FE522, 0xE530 }, // U+E52F U+E522 -> U+E530
    { 0xE530E522, 0xE531 }, // U+E530 U+E522 -> U+E531
    { 0xE531E522, 0xE532 }, // U+E531 U+E522 -> U+E532
    { 0xE532E522, 0xE533 }, // U+E532 U+E522 -> U+E533
    { 0xE536E520, 0xE537 }, // U+E536 U+E520 -> U+E537
    { 0xE536E525, 0xE539 }, // U+E536 U+E525 -> U+E539
    { 0xE537E520, 0xE538 }, // U+E537 U+E520 -> U+E538
    { 0xE539E520, 0xE53A }, // U+E539 U+E520 -> U+E53A
    { 0xE53CE525, 0xE53D }, // U+E53C U+E525 -> U+E53D
};

static const EpdFontData bravura_23 = {
    bravura_23Bitmaps,
    bravura_23Glyphs,
    bravura_23Intervals,
    15,
    193,
    97,
    -97,
    true,
    bravura_23Groups,
    3,
    nullptr,
    bravura_23KernLeftClasses,
    bravura_23KernRightClasses,
    bravura_23KernMatrix,
    19,
    16,
    12,
    13,
    bravura_23LigaturePairs,
    22,
};
